otu_id	domain	phylum	class	order	family	genus
otu_1	Bacteria	Cyanobacteria	Cyanobacteria	SubsectionI	FamilyI	Synechococcus
otu_2	Bacteria	Proteobacteria	Betaproteobacteria	Nitrosomonadales	Nitrosomonadaceae	Candidatus_Branchiomonas
otu_3	Bacteria	Nitrospirae	Nitrospira	Nitrospirales	Nitrospiraceae	Nitrospira
otu_4	Bacteria	Proteobacteria	Alphaproteobacteria	Rhodobacterales	Rhodobacteraceae	Rhodothalassium
otu_5	Bacteria	Actinobacteria	Acidimicrobiia	Acidimicrobiales	OM1_clade	Candidatus_Actinomarina
otu_6	Bacteria	Proteobacteria	Gammaproteobacteria	Oceanospirillales	Hahellaceae	Endozoicomonas
otu_7	Bacteria	Proteobacteria	Gammaproteobacteria	Oceanospirillales	Hahellaceae	Endozoicomonas
otu_8	Bacteria	Bacteroidetes	Flavobacteriia	Flavobacteriales	Flavobacteriaceae	NS5_marine_group
otu_9	Bacteria	Proteobacteria	Alphaproteobacteria	SAR11_clade	Surface_1	Candidatus_Pelagibacter
otu_10	Bacteria	Nitrospirae	Nitrospira	Nitrospirales	Nitrospiraceae	Nitrospira
otu_11	Bacteria	Proteobacteria	Alphaproteobacteria	Rhodospirillales	Rhodospirillaceae	AEGEAN-169_marine_group
otu_12	Bacteria	Bacteroidetes	Flavobacteriia	Flavobacteriales	Cryomorphaceae	Owenweeksia
otu_13	Bacteria	Proteobacteria	Gammaproteobacteria	Chromatiales	Chromatiaceae	Nitrosococcus
otu_14	Bacteria	Proteobacteria	Alphaproteobacteria	Rhodobacterales	Rhodobacteraceae	Rubrimonas
otu_15	Bacteria	Proteobacteria	Gammaproteobacteria	Alteromonadales	Alteromonadaceae	Alteromonas
otu_16	Bacteria	Proteobacteria	Alphaproteobacteria	Rhodobacterales	Rhodobacteraceae	Rhodovulum
otu_17	Bacteria	Proteobacteria	Gammaproteobacteria	Vibrionales	Vibrionaceae	Vibrio
otu_18	Bacteria	Proteobacteria	Deltaproteobacteria	Desulfobacterales	Nitrospinaceae	Candidatus_Entotheonella
otu_19	Bacteria	Nitrospirae	Nitrospira	Nitrospirales	Nitrospiraceae	Nitrospira
otu_20	Bacteria	Cyanobacteria	Cyanobacteria	SubsectionI	FamilyI	Synechococcus
otu_21	Bacteria	Proteobacteria	Betaproteobacteria	Methylophilales	Methylophilaceae	OM43_clade
otu_22	Bacteria	Cyanobacteria	Cyanobacteria	SubsectionI	FamilyI	Synechococcus
otu_23	Bacteria	Cyanobacteria	Cyanobacteria	SubsectionI	FamilyI	Prochlorococcus
otu_24	Bacteria	Proteobacteria	Gammaproteobacteria	Alteromonadales	Pseudoalteromonadaceae	Pseudoalteromonas
otu_25	Bacteria	Cyanobacteria	Cyanobacteria	SubsectionIII	FamilyI	Oscillatoria
otu_26	Bacteria	Bacteroidetes	Flavobacteriia	Flavobacteriales	Flavobacteriaceae	NS5_marine_group
otu_27	Bacteria	Proteobacteria	Alphaproteobacteria	Rhodobacterales	Rhodobacteraceae	Lutimaribacter
otu_28	Bacteria	Proteobacteria	Alphaproteobacteria	Rhodobacterales	Rhodobacteraceae	Planktomarina
otu_29	Bacteria	Firmicutes	Bacilli	Bacillales	Staphylococcaceae	Staphylococcus
otu_30	Bacteria	Cyanobacteria	Cyanobacteria	SubsectionIII	FamilyI	Oscillatoria
otu_31	Bacteria	Proteobacteria	Betaproteobacteria	Nitrosomonadales	Nitrosomonadaceae	Candidatus_Branchiomonas
otu_32	Bacteria	Proteobacteria	Gammaproteobacteria	Oceanospirillales	Oceanospirillaceae	Pseudospirillum
otu_33	Bacteria	Proteobacteria	Alphaproteobacteria	Rhodospirillales	Rhodospirillaceae	AEGEAN-169_marine_group
otu_34	Bacteria	Spirochaetae	Spirochaetes	Spirochaetales	Spirochaetaceae	Spirochaeta_2
otu_35	Bacteria	Actinobacteria	Acidimicrobiia	Acidimicrobiales	OM1_clade	Candidatus_Actinomarina
otu_36	Bacteria	Proteobacteria	Gammaproteobacteria	Pseudomonadales	Pseudomonadaceae	Pseudomonas
otu_37	Bacteria	Proteobacteria	Gammaproteobacteria	Chromatiales	Granulosicoccaceae	Granulosicoccus
otu_38	Bacteria	Cyanobacteria	Cyanobacteria	SubsectionI	FamilyI	Synechococcus
otu_39	Bacteria	Proteobacteria	Deltaproteobacteria	Desulfobacterales	Nitrospinaceae	Candidatus_Entotheonella
otu_40	Bacteria	Proteobacteria	Gammaproteobacteria	Chromatiales	Chromatiaceae	Nitrosococcus
otu_41	Bacteria	Proteobacteria	Deltaproteobacteria	Desulfovibrionales	Desulfovibrionaceae	Desulfovibrio
otu_42	Bacteria	Proteobacteria	Alphaproteobacteria	Rhodobacterales	Rhodobacteraceae	Ruegeria
otu_43	Bacteria	Proteobacteria	Gammaproteobacteria	Vibrionales	Vibrionaceae	Vibrio
otu_44	Bacteria	Proteobacteria	Alphaproteobacteria	Rhodobacterales	Rhodobacteraceae	Pseudovibrio
otu_45	Bacteria	Cyanobacteria	Cyanobacteria	SubsectionI	FamilyI	Synechococcus
otu_46	Bacteria	Cyanobacteria	Cyanobacteria	SubsectionI	FamilyI	Synechococcus
otu_47	Bacteria	Nitrospirae	Nitrospira	Nitrospirales	Nitrospiraceae	Nitrospira
otu_48	Bacteria	Proteobacteria	Gammaproteobacteria	Pseudomonadales	Moraxellaceae	Acinetobacter
otu_49	Bacteria	Proteobacteria	Alphaproteobacteria	Rickettsiales	SAR116_clade	Candidatus_Puniceispirillum
otu_50	Bacteria	Proteobacteria	Betaproteobacteria	Methylophilales	Methylophilaceae	OM43_clade
otu_51	Bacteria	Cyanobacteria	Cyanobacteria	SubsectionI	FamilyI	Cyanobacterium
otu_52	Bacteria	Firmicutes	Bacilli	Lactobacillales	Streptococcaceae	Streptococcus
otu_53	Bacteria	Nitrospirae	Nitrospira	Nitrospirales	Nitrospiraceae	Nitrospira
otu_54	Bacteria	Proteobacteria	Alphaproteobacteria	Rhodobacterales	Rhodobacteraceae	Amylibacter
otu_55	Bacteria	Bacteroidetes	Flavobacteriia	Flavobacteriales	Flavobacteriaceae	NS5_marine_group
otu_56	Bacteria	Proteobacteria	Alphaproteobacteria	Caulobacterales	Hyphomonadaceae	Hyphomonas
otu_57	Bacteria	Spirochaetae	Spirochaetes	Spirochaetales	Spirochaetaceae	Spirochaeta_2
otu_58	Bacteria	Spirochaetae	Spirochaetes	Spirochaetales	Spirochaetaceae	Spirochaeta_2
otu_59	Bacteria	Proteobacteria	Gammaproteobacteria	Oceanospirillales	Hahellaceae	Endozoicomonas
otu_60	Bacteria	Planctomycetes	Planctomycetacia	Planctomycetales	Planctomycetaceae	Rubripirellula
otu_61	Bacteria	Proteobacteria	Gammaproteobacteria	Oceanospirillales	Litoricolaceae	Litoricola
otu_62	Bacteria	Proteobacteria	Gammaproteobacteria	Chromatiales	Chromatiaceae	Nitrosococcus
otu_63	Bacteria	Bacteroidetes	Cytophagia	Order_III	Unknown_Family	Balneola
otu_64	Bacteria	Cyanobacteria	Cyanobacteria	SubsectionI	FamilyI	Synechococcus
otu_65	Bacteria	Proteobacteria	Deltaproteobacteria	Desulfobacterales	Nitrospinaceae	Candidatus_Entotheonella
otu_66	Bacteria	Verrucomicrobia	Verrucomicrobiae	Verrucomicrobiales	Verrucomicrobiaceae	Roseibacillus
otu_67	Bacteria	Proteobacteria	Betaproteobacteria	Nitrosomonadales	Nitrosomonadaceae	Candidatus_Branchiomonas
otu_68	Bacteria	Bacteroidetes	Flavobacteriia	Flavobacteriales	Flavobacteriaceae	NS5_marine_group
otu_69	Bacteria	Nitrospirae	Nitrospira	Nitrospirales	Nitrospiraceae	Nitrospira
otu_70	Bacteria	Proteobacteria	Epsilonproteobacteria	Campylobacterales	Campylobacteraceae	Arcobacter
otu_71	Bacteria	Proteobacteria	Gammaproteobacteria	Oceanospirillales	Litoricolaceae	Litoricola
otu_72	Bacteria	Proteobacteria	Alphaproteobacteria	Rhizobiales	Phyllobacteriaceae	Hoeflea
otu_73	Bacteria	Proteobacteria	Alphaproteobacteria	Rhodobacterales	Rhodobacteraceae	Marivita
otu_74	Bacteria	Bacteroidetes	Flavobacteriia	Flavobacteriales	Flavobacteriaceae	Formosa
otu_75	Bacteria	Bacteroidetes	Flavobacteriia	Flavobacteriales	Flavobacteriaceae	Tenacibaculum
otu_76	Bacteria	Bacteroidetes	Flavobacteriia	Flavobacteriales	Flavobacteriaceae	NS2b_marine_group
otu_77	Bacteria	Bacteroidetes	Flavobacteriia	Flavobacteriales	Flavobacteriaceae	NS4_marine_group
otu_78	Bacteria	Proteobacteria	Gammaproteobacteria	Vibrionales	Vibrionaceae	Photobacterium
otu_79	Bacteria	Proteobacteria	Deltaproteobacteria	Bdellovibrionales	Bacteriovoracaceae	Halobacteriovorax
otu_80	Bacteria	Bacteroidetes	Flavobacteriia	Flavobacteriales	Flavobacteriaceae	NS4_marine_group
otu_81	Bacteria	Proteobacteria	Gammaproteobacteria	Order_Incertae_Sedis	Family_Incertae_Sedis	Marinicella
otu_82	Bacteria	Proteobacteria	Deltaproteobacteria	Desulfobacterales	Nitrospinaceae	Candidatus_Entotheonella
otu_83	Bacteria	Proteobacteria	Gammaproteobacteria	Alteromonadales	Colwelliaceae	Thalassotalea
otu_84	Bacteria	Proteobacteria	Gammaproteobacteria	Oceanospirillales	Oleiphilaceae	Oleiphilus
otu_85	Bacteria	Proteobacteria	Deltaproteobacteria	Desulfobacterales	Nitrospinaceae	Candidatus_Entotheonella
otu_86	Bacteria	Proteobacteria	Gammaproteobacteria	Oceanospirillales	Halomonadaceae	Halomonas
otu_87	Bacteria	Proteobacteria	Gammaproteobacteria	Alteromonadales	Alteromonadaceae	Marinobacter
otu_88	Bacteria	Bacteroidetes	Flavobacteriia	Flavobacteriales	Cryomorphaceae	Fluviicola
otu_89	Bacteria	Proteobacteria	Alphaproteobacteria	Sphingomonadales	Sphingomonadaceae	Sphingomonas
otu_90	Bacteria	Firmicutes	Bacilli	Bacillales	Listeriaceae	Listeria
otu_91	Bacteria	Bacteroidetes	Flavobacteriia	Flavobacteriales	Flavobacteriaceae	Kordia
otu_92	Bacteria	Cyanobacteria	Cyanobacteria	SubsectionI	FamilyI	Prochloron
otu_93	Bacteria	Proteobacteria	Alphaproteobacteria	Caulobacterales	Caulobacteraceae	Brevundimonas
otu_94	Bacteria	Proteobacteria	Gammaproteobacteria	Pseudomonadales	Moraxellaceae	Moraxella
otu_95	Bacteria	Spirochaetae	Spirochaetes	Spirochaetales	Spirochaetaceae	Spirochaeta_2
otu_96	Bacteria	Bacteroidetes	Bacteroidia	Bacteroidales	Bacteroidaceae	Bacteroides
otu_97	Bacteria	Bacteroidetes	Flavobacteriia	Flavobacteriales	Flavobacteriaceae	Tenacibaculum
otu_98	Bacteria	Proteobacteria	Gammaproteobacteria	Vibrionales	Vibrionaceae	Vibrio
otu_99	Bacteria	Proteobacteria	Betaproteobacteria	Neisseriales	Neisseriaceae	Neisseria
otu_100	Bacteria	Bacteroidetes	Flavobacteriia	Flavobacteriales	Flavobacteriaceae	Polaribacter
otu_101	Bacteria	Deinococcus-Thermus	Deinococci	Deinococcales	Trueperaceae	Truepera
otu_102	Bacteria	Nitrospirae	Nitrospira	Nitrospirales	Nitrospiraceae	Nitrospira
otu_103	Bacteria	Proteobacteria	Deltaproteobacteria	Desulfobacterales	Nitrospinaceae	Candidatus_Entotheonella
otu_104	Bacteria	Proteobacteria	Gammaproteobacteria	Pseudomonadales	Moraxellaceae	Acinetobacter
otu_105	Bacteria	Cyanobacteria	Cyanobacteria	SubsectionI	FamilyI	Prochlorococcus
otu_106	Bacteria	Cyanobacteria	Cyanobacteria	SubsectionI	FamilyI	Prochlorococcus
otu_107	Bacteria	Proteobacteria	Gammaproteobacteria	Chromatiales	Chromatiaceae	Nitrosococcus
otu_108	Bacteria	Bacteroidetes	Flavobacteriia	Flavobacteriales	Flavobacteriaceae	NS4_marine_group
otu_109	Bacteria	Proteobacteria	Alphaproteobacteria	Caulobacterales	Hyphomonadaceae	Ponticaulis
otu_110	Bacteria	Proteobacteria	Gammaproteobacteria	Oceanospirillales	Alcanivoracaceae	Alcanivorax
otu_111	Bacteria	Proteobacteria	Alphaproteobacteria	Rhodospirillales	Rhodospirillaceae	Fodinicurvata
otu_112	Bacteria	Proteobacteria	Gammaproteobacteria	Chromatiales	Granulosicoccaceae	Granulosicoccus
otu_113	Bacteria	Bacteroidetes	Flavobacteriia	Flavobacteriales	Flavobacteriaceae	Cloacibacterium
otu_114	Bacteria	Proteobacteria	Gammaproteobacteria	Alteromonadales	Alteromonadaceae	Aestuariibacter
otu_115	Bacteria	Proteobacteria	Gammaproteobacteria	Pseudomonadales	Moraxellaceae	Acinetobacter
otu_116	Bacteria	Verrucomicrobia	Opitutae	Puniceicoccales	Puniceicoccaceae	Cerasicoccus
otu_117	Bacteria	Proteobacteria	Epsilonproteobacteria	Campylobacterales	Campylobacteraceae	Arcobacter
otu_118	Bacteria	Proteobacteria	Gammaproteobacteria	Enterobacteriales	Enterobacteriaceae	Salmonella
otu_119	Bacteria	Actinobacteria	Actinobacteria	Corynebacteriales	Corynebacteriaceae	Corynebacterium
otu_120	Bacteria	Proteobacteria	Gammaproteobacteria	Pasteurellales	Pasteurellaceae	Haemophilus
otu_121	Bacteria	Firmicutes	Clostridia	Clostridiales	Family_XII	Fusibacter
otu_122	Bacteria	Firmicutes	Bacilli	Bacillales	Bacillaceae	Anoxybacillus
otu_123	Bacteria	Proteobacteria	Alphaproteobacteria	Sphingomonadales	Sphingomonadaceae	Blastomonas
otu_124	Bacteria	Proteobacteria	Alphaproteobacteria	Caulobacterales	Hyphomonadaceae	Robiginitomaculum
otu_125	Bacteria	Bacteroidetes	Cytophagia	Cytophagales	Flammeovirgaceae	Marinoscillum
otu_126	Bacteria	Proteobacteria	Deltaproteobacteria	Desulfobacterales	Desulfobulbaceae	Desulforhopalus
otu_127	Bacteria	Firmicutes	Clostridia	Clostridiales	Family_XII	Fusibacter
otu_128	Bacteria	Chlamydiae	Chlamydiae	Chlamydiales	Parachlamydiaceae	Parachlamydia
otu_129	Bacteria	Proteobacteria	Alphaproteobacteria	Rhizobiales	Hyphomicrobiaceae	Filomicrobium
otu_130	Bacteria	Bacteroidetes	Flavobacteriia	Flavobacteriales	Flavobacteriaceae	Chryseobacterium
otu_131	Bacteria	Proteobacteria	Gammaproteobacteria	Cellvibrionales	Porticoccaceae	SAR92_clade
otu_132	Bacteria	Proteobacteria	Gammaproteobacteria	Chromatiales	Chromatiaceae	Nitrosococcus
otu_133	Bacteria	Proteobacteria	Deltaproteobacteria	Bdellovibrionales	Bdellovibrionaceae	Bdellovibrio
otu_134	Bacteria	Proteobacteria	Alphaproteobacteria	Rhizobiales	Rhodobiaceae	Methyloceanibacter
otu_135	Bacteria	Proteobacteria	Gammaproteobacteria	Pseudomonadales	Pseudomonadaceae	Pseudomonas
otu_136	Bacteria	Proteobacteria	Alphaproteobacteria	Rhodospirillales	Rhodospirillaceae	Defluviicoccus
otu_137	Bacteria	Bacteroidetes	Flavobacteriia	Flavobacteriales	Flavobacteriaceae	NS5_marine_group
otu_138	Bacteria	Proteobacteria	Alphaproteobacteria	Rhodobacterales	Rhodobacteraceae	Rhodovulum
otu_139	Bacteria	Proteobacteria	Gammaproteobacteria	Cellvibrionales	Porticoccaceae	Porticoccus
otu_140	Bacteria	Proteobacteria	Gammaproteobacteria	Vibrionales	Vibrionaceae	Vibrio
otu_141	Bacteria	Bacteroidetes	Flavobacteriia	Flavobacteriales	Flavobacteriaceae	NS5_marine_group
otu_142	Bacteria	Fusobacteria	Fusobacteriia	Fusobacteriales	Fusobacteriaceae	Ilyobacter
otu_143	Bacteria	Proteobacteria	Alphaproteobacteria	Caulobacterales	Hyphomonadaceae	Henriciella
otu_144	Bacteria	Proteobacteria	Deltaproteobacteria	Desulfovibrionales	Desulfovibrionaceae	Desulfovibrio
otu_145	Bacteria	Bacteroidetes	Flavobacteriia	Flavobacteriales	Cryomorphaceae	Owenweeksia
otu_146	Bacteria	Proteobacteria	Alphaproteobacteria	Rhizobiales	Rhizobiaceae	Neorhizobium
otu_147	Bacteria	Proteobacteria	Gammaproteobacteria	Oceanospirillales	Oceanospirillaceae	Pseudospirillum
otu_148	Bacteria	Nitrospirae	Nitrospira	Nitrospirales	Nitrospiraceae	Nitrospira
otu_149	Bacteria	Nitrospirae	Nitrospira	Nitrospirales	Nitrospiraceae	Nitrospira
otu_150	Bacteria	Proteobacteria	Gammaproteobacteria	Pseudomonadales	Moraxellaceae	Psychrobacter
otu_151	Bacteria	Firmicutes	Negativicutes	Selenomonadales	Veillonellaceae	Veillonella
otu_152	Bacteria	Bacteroidetes	Flavobacteriia	Flavobacteriales	Flavobacteriaceae	Polaribacter
otu_153	Bacteria	Proteobacteria	Epsilonproteobacteria	Campylobacterales	Campylobacteraceae	Arcobacter
otu_154	Bacteria	Proteobacteria	Alphaproteobacteria	Rhodospirillales	Rhodospirillaceae	OM75_clade
otu_155	Bacteria	Proteobacteria	Gammaproteobacteria	Oceanospirillales	Hahellaceae	Endozoicomonas
otu_156	Bacteria	Bacteroidetes	Bacteroidia	Bacteroidales	Marinilabiaceae	Marinifilum
otu_157	Bacteria	Proteobacteria	Gammaproteobacteria	Oceanospirillales	Oceanospirillaceae	Amphritea
otu_158	Bacteria	Proteobacteria	Gammaproteobacteria	Vibrionales	Vibrionaceae	Photobacterium
otu_159	Bacteria	Proteobacteria	Alphaproteobacteria	Rhizobiales	Phyllobacteriaceae	Pseudahrensia
otu_160	Bacteria	Proteobacteria	Deltaproteobacteria	Desulfobacterales	Nitrospinaceae	Candidatus_Entotheonella
otu_161	Bacteria	Proteobacteria	Gammaproteobacteria	Alteromonadales	Ferrimonadaceae	Ferrimonas
otu_162	Bacteria	Bacteroidetes	Bacteroidia	Bacteroidales	Prevotellaceae	Prevotellaceae_NK3B31_group
otu_163	Bacteria	Proteobacteria	Deltaproteobacteria	Bdellovibrionales	Bdellovibrionaceae	Bdellovibrio
otu_164	Bacteria	Bacteroidetes	Cytophagia	Cytophagales	Flammeovirgaceae	Ekhidna
otu_165	Bacteria	Actinobacteria	Acidimicrobiia	Acidimicrobiales	OM1_clade	Candidatus_Actinomarina
otu_166	Bacteria	Nitrospirae	Nitrospira	Nitrospirales	Nitrospiraceae	Nitrospira
otu_167	Bacteria	Nitrospirae	Nitrospira	Nitrospirales	Nitrospiraceae	Nitrospira
otu_168	Bacteria	Firmicutes	Bacilli	Lactobacillales	Lactobacillaceae	Lactobacillus
otu_169	Bacteria	Proteobacteria	Gammaproteobacteria	Oceanospirillales	Oceanospirillaceae	Neptuniibacter
otu_170	Bacteria	Proteobacteria	Gammaproteobacteria	Alteromonadales	Pseudoalteromonadaceae	Algicola
otu_171	Bacteria	Bacteroidetes	Flavobacteriia	Flavobacteriales	Flavobacteriaceae	NS5_marine_group
otu_172	Bacteria	Proteobacteria	Deltaproteobacteria	Desulfovibrionales	Desulfovibrionaceae	Desulfovibrio
otu_173	Bacteria	Bacteroidetes	Flavobacteriia	Flavobacteriales	Flavobacteriaceae	Actibacter
otu_174	Bacteria	Firmicutes	Clostridia	Clostridiales	Ruminococcaceae	Faecalibacterium
otu_175	Bacteria	Proteobacteria	Gammaproteobacteria	Pseudomonadales	Pseudomonadaceae	Pseudomonas
otu_176	Bacteria	Proteobacteria	Betaproteobacteria	Burkholderiales	Comamonadaceae	Pelomonas
otu_177	Bacteria	Proteobacteria	Alphaproteobacteria	SAR11_clade	Surface_1	Candidatus_Pelagibacter
otu_178	Bacteria	Proteobacteria	Gammaproteobacteria	Oceanospirillales	Hahellaceae	Endozoicomonas
otu_179	Bacteria	Proteobacteria	Alphaproteobacteria	Sphingomonadales	Sphingomonadaceae	Sphingorhabdus
otu_180	Bacteria	Proteobacteria	Alphaproteobacteria	Rhizobiales	Rhodobiaceae	Rhodobium
otu_181	Bacteria	Bacteroidetes	Flavobacteriia	Flavobacteriales	Flavobacteriaceae	NS5_marine_group
otu_182	Bacteria	Bacteroidetes	Flavobacteriia	Flavobacteriales	Flavobacteriaceae	NS5_marine_group
otu_183	Bacteria	Proteobacteria	Epsilonproteobacteria	Campylobacterales	Campylobacteraceae	Arcobacter
otu_184	Bacteria	Proteobacteria	Alphaproteobacteria	Sphingomonadales	Erythrobacteraceae	Erythrobacter
otu_185	Bacteria	Proteobacteria	Gammaproteobacteria	Alteromonadales	Colwelliaceae	Thalassotalea
otu_186	Bacteria	Proteobacteria	Alphaproteobacteria	Rhizobiales	Phyllobacteriaceae	Pseudahrensia
otu_187	Bacteria	Actinobacteria	Actinobacteria	Actinomycetales	Actinomycetaceae	Actinomyces
otu_188	Bacteria	Firmicutes	Bacilli	Lactobacillales	Streptococcaceae	Streptococcus
otu_189	Bacteria	Bacteroidetes	Sphingobacteriia	Sphingobacteriales	Saprospiraceae	Lewinella
otu_190	Bacteria	Proteobacteria	Alphaproteobacteria	Rhodobacterales	Rhodobacteraceae	Pseudovibrio
otu_191	Bacteria	Proteobacteria	Gammaproteobacteria	Cellvibrionales	Cellvibrionaceae	Pseudomaricurvus
otu_192	Bacteria	Proteobacteria	Gammaproteobacteria	Thiotrichales	Thiotrichaceae	Thiothrix
otu_193	Bacteria	Bacteroidetes	Cytophagia	Cytophagales	Flammeovirgaceae	Ekhidna
otu_194	Bacteria	Proteobacteria	Gammaproteobacteria	Alteromonadales	Moritellaceae	Paramoritella
otu_195	Bacteria	Firmicutes	Negativicutes	Selenomonadales	Veillonellaceae	Veillonella
otu_196	Bacteria	Actinobacteria	Actinobacteria	Micrococcales	Micrococcaceae	Micrococcus
otu_197	Bacteria	Firmicutes	Bacilli	Lactobacillales	Streptococcaceae	Streptococcus
otu_198	Bacteria	Spirochaetae	Spirochaetes	Spirochaetales	Spirochaetaceae	Spirochaeta_2
otu_199	Bacteria	Proteobacteria	Gammaproteobacteria	Cellvibrionales	Cellvibrionaceae	Maricurvus
otu_200	Bacteria	Planctomycetes	Planctomycetacia	Planctomycetales	Planctomycetaceae	Blastopirellula
otu_201	Bacteria	Proteobacteria	Alphaproteobacteria	Rhizobiales	Bradyrhizobiaceae	Bradyrhizobium
otu_202	Bacteria	Spirochaetae	Spirochaetes	Spirochaetales	Spirochaetaceae	Spirochaeta_2
otu_203	Bacteria	Bacteroidetes	Flavobacteriia	Flavobacteriales	Flavobacteriaceae	NS4_marine_group
otu_204	Bacteria	Firmicutes	Bacilli	Lactobacillales	Leuconostocaceae	Leuconostoc
otu_205	Bacteria	Proteobacteria	Deltaproteobacteria	Desulfobacterales	Desulfobacteraceae	Desulfatitalea
otu_206	Bacteria	Cyanobacteria	Cyanobacteria	SubsectionI	FamilyI	Prochloron
otu_207	Bacteria	Proteobacteria	Gammaproteobacteria	Alteromonadales	Colwelliaceae	Colwellia
otu_208	Bacteria	Bacteroidetes	Bacteroidia	Bacteroidales	Prevotellaceae	Prevotella_7
otu_209	Bacteria	Bacteroidetes	Flavobacteriia	Flavobacteriales	Flavobacteriaceae	NS3a_marine_group
otu_210	Bacteria	Proteobacteria	Alphaproteobacteria	Rhodospirillales	Rhodospirillaceae	Pelagibius
otu_211	Bacteria	Proteobacteria	Gammaproteobacteria	Pseudomonadales	Pseudomonadaceae	Pseudomonas
otu_212	Bacteria	Proteobacteria	Alphaproteobacteria	Rhizobiales	Rhodobiaceae	Anderseniella
otu_213	Bacteria	Bacteroidetes	Flavobacteriia	Flavobacteriales	Flavobacteriaceae	Gilvibacter
otu_214	Bacteria	Proteobacteria	Gammaproteobacteria	Cellvibrionales	Porticoccaceae	Porticoccus
otu_215	Bacteria	Bacteroidetes	Bacteroidia	Bacteroidales	Prevotellaceae	Prevotella_9
otu_216	Bacteria	Bacteroidetes	Flavobacteriia	Flavobacteriales	Flavobacteriaceae	NS5_marine_group
otu_217	Bacteria	Firmicutes	Clostridia	Clostridiales	Family_XII	Fusibacter
otu_218	Bacteria	Proteobacteria	Alphaproteobacteria	Rhodospirillales	Rhodospirillaceae	AEGEAN-169_marine_group
otu_219	Bacteria	Planctomycetes	Planctomycetacia	Planctomycetales	Planctomycetaceae	Blastopirellula
otu_220	Bacteria	Proteobacteria	Gammaproteobacteria	Arenicellales	Arenicellaceae	Arenicella
otu_221	Bacteria	Proteobacteria	Gammaproteobacteria	Salinisphaerales	Salinisphaeraceae	ZD0417_marine_group
otu_222	Bacteria	Bacteroidetes	Flavobacteriia	Flavobacteriales	Cryomorphaceae	Owenweeksia
otu_223	Bacteria	Proteobacteria	Gammaproteobacteria	Cellvibrionales	Microbulbiferaceae	Microbulbifer
otu_224	Bacteria	Proteobacteria	Gammaproteobacteria	Alteromonadales	Colwelliaceae	Thalassotalea
otu_225	Bacteria	Proteobacteria	Alphaproteobacteria	Rhizobiales	Phyllobacteriaceae	Pseudahrensia
otu_226	Bacteria	Nitrospirae	Nitrospira	Nitrospirales	Nitrospiraceae	Nitrospira
otu_227	Bacteria	Firmicutes	Bacilli	Bacillales	Family_XII	Exiguobacterium
otu_228	Bacteria	Bacteroidetes	Bacteroidia	Bacteroidales	Prevotellaceae	Prevotellaceae_UCG-001
otu_229	Bacteria	Proteobacteria	Alphaproteobacteria	Rhodospirillales	Rhodospirillaceae	OM75_clade
otu_230	Bacteria	Proteobacteria	Gammaproteobacteria	Cellvibrionales	Cellvibrionaceae	Pseudoteredinibacter
otu_231	Bacteria	Planctomycetes	Phycisphaerae	Phycisphaerales	Phycisphaeraceae	SM1A02
otu_232	Bacteria	Cyanobacteria	Cyanobacteria	SubsectionI	FamilyI	Prochlorococcus
otu_233	Bacteria	Proteobacteria	Deltaproteobacteria	Bdellovibrionales	Bacteriovoracaceae	Halobacteriovorax
otu_234	Bacteria	Proteobacteria	Alphaproteobacteria	Rhodospirillales	Rhodospirillaceae	Defluviicoccus
otu_235	Bacteria	Verrucomicrobia	Verrucomicrobiae	Verrucomicrobiales	Rubritaleaceae	Rubritalea
otu_236	Bacteria	Proteobacteria	Deltaproteobacteria	Desulfobacterales	Nitrospinaceae	Candidatus_Entotheonella
otu_237	Bacteria	Spirochaetae	Spirochaetes	Spirochaetales	Spirochaetaceae	Spirochaeta_2
otu_238	Bacteria	Bacteroidetes	Flavobacteriia	Flavobacteriales	Flavobacteriaceae	Chryseobacterium
otu_239	Bacteria	Proteobacteria	Gammaproteobacteria	Alteromonadales	Alteromonadaceae	Aestuariibacter
otu_240	Bacteria	Planctomycetes	Phycisphaerae	Phycisphaerales	Phycisphaeraceae	Urania-1B-19_marine_sediment_group
otu_241	Bacteria	Bacteroidetes	Flavobacteriia	Flavobacteriales	Flavobacteriaceae	NS4_marine_group
otu_242	Bacteria	Spirochaetae	Spirochaetes	Spirochaetales	Spirochaetaceae	Salinispira
otu_243	Bacteria	Proteobacteria	Betaproteobacteria	Methylophilales	Methylophilaceae	Methylotenera
otu_244	Bacteria	Proteobacteria	Epsilonproteobacteria	Campylobacterales	Campylobacteraceae	Arcobacter
otu_245	Bacteria	Proteobacteria	Gammaproteobacteria	Chromatiales	Chromatiaceae	Nitrosococcus
otu_246	Bacteria	Proteobacteria	Alphaproteobacteria	Rhodobacterales	Rhodobacteraceae	Thalassococcus
otu_247	Bacteria	Proteobacteria	Alphaproteobacteria	Rhizobiales	Methylobacteriaceae	Methylobacterium
otu_248	Bacteria	Verrucomicrobia	Verrucomicrobiae	Verrucomicrobiales	Verrucomicrobiaceae	Roseibacillus
otu_249	Bacteria	Proteobacteria	Gammaproteobacteria	Oceanospirillales	Oceanospirillaceae	Marinomonas
otu_250	Bacteria	Proteobacteria	Alphaproteobacteria	Rhodobacterales	Rhodobacteraceae	Sulfitobacter
otu_251	Bacteria	Proteobacteria	Alphaproteobacteria	Rhodospirillales	Rhodospirillaceae	Pelagibius
otu_252	Bacteria	Actinobacteria	Actinobacteria	Micrococcales	Micrococcaceae	Kocuria
otu_253	Bacteria	Fusobacteria	Fusobacteriia	Fusobacteriales	Fusobacteriaceae	Fusobacterium
otu_254	Bacteria	Bacteroidetes	Cytophagia	Cytophagales	Flammeovirgaceae	Fabibacter
otu_255	Bacteria	Proteobacteria	Alphaproteobacteria	Rhodospirillales	Rhodospirillaceae	Thalassospira
otu_256	Bacteria	Proteobacteria	Alphaproteobacteria	Rhodobacterales	Rhodobacteraceae	Ruegeria
otu_257	Bacteria	Verrucomicrobia	Verrucomicrobiae	Verrucomicrobiales	Verrucomicrobiaceae	Roseibacillus
otu_258	Bacteria	Proteobacteria	Deltaproteobacteria	Bdellovibrionales	Bacteriovoracaceae	Halobacteriovorax
otu_259	Bacteria	Planctomycetes	Phycisphaerae	Phycisphaerales	Phycisphaeraceae	CL500-3
otu_260	Bacteria	Verrucomicrobia	Verrucomicrobiae	Verrucomicrobiales	Verrucomicrobiaceae	Persicirhabdus
otu_261	Bacteria	Verrucomicrobia	Verrucomicrobiae	Verrucomicrobiales	Rubritaleaceae	Rubritalea
otu_262	Bacteria	Proteobacteria	Gammaproteobacteria	Oceanospirillales	Oceanospirillaceae	Pseudospirillum
otu_263	Bacteria	Bacteroidetes	Flavobacteriia	Flavobacteriales	Flavobacteriaceae	NS2b_marine_group
otu_264	Bacteria	Proteobacteria	Deltaproteobacteria	Desulfobacterales	Nitrospinaceae	Candidatus_Entotheonella
otu_265	Bacteria	Bacteroidetes	Bacteroidia	Bacteroidales	Bacteroidaceae	Bacteroides
otu_266	Bacteria	Proteobacteria	Gammaproteobacteria	Alteromonadales	Ferrimonadaceae	Ferrimonas
otu_267	Bacteria	Bacteroidetes	Flavobacteriia	Flavobacteriales	Flavobacteriaceae	NS5_marine_group
otu_268	Bacteria	Bacteroidetes	Flavobacteriia	Flavobacteriales	Schleiferiaceae	Schleiferia
otu_269	Bacteria	Proteobacteria	Alphaproteobacteria	Caulobacterales	Hyphomonadaceae	Hellea
otu_270	Bacteria	Proteobacteria	Alphaproteobacteria	Rhodospirillales	Rhodospirillaceae	AEGEAN-169_marine_group
otu_271	Bacteria	Cyanobacteria	Cyanobacteria	SubsectionI	FamilyI	Prochlorococcus
otu_272	Bacteria	Proteobacteria	Alphaproteobacteria	Kordiimonadales	Kordiimonadaceae	Kordiimonas
otu_273	Bacteria	Actinobacteria	Acidimicrobiia	Acidimicrobiales	Acidimicrobiaceae	Illumatobacter
otu_274	Bacteria	Verrucomicrobia	Opitutae	Puniceicoccales	Puniceicoccaceae	Lentimonas
otu_275	Bacteria	Proteobacteria	Alphaproteobacteria	Parvularculales	Parvularculaceae	Parvularcula
otu_276	Bacteria	Proteobacteria	Alphaproteobacteria	Rhizobiales	Rhodobiaceae	Rhodobium
otu_277	Bacteria	Proteobacteria	Alphaproteobacteria	Rhodobacterales	Rhodobacteraceae	Octadecabacter
otu_278	Bacteria	Bacteroidetes	Flavobacteriia	Flavobacteriales	Flavobacteriaceae	NS4_marine_group
otu_279	Bacteria	Proteobacteria	Gammaproteobacteria	Thiotrichales	Piscirickettsiaceae	Marine_Methylotrophic_Group_3
otu_280	Bacteria	Proteobacteria	Alphaproteobacteria	Rickettsiales	SAR116_clade	Candidatus_Puniceispirillum
otu_281	Bacteria	Proteobacteria	Alphaproteobacteria	Sphingomonadales	Sphingomonadaceae	Sphingopyxis
otu_282	Bacteria	Actinobacteria	Actinobacteria	Micrococcales	Micrococcaceae	Sinomonas
otu_283	Bacteria	Firmicutes	Bacilli	Lactobacillales	Streptococcaceae	Lactococcus
otu_284	Bacteria	Proteobacteria	Deltaproteobacteria	Desulfobacterales	Nitrospinaceae	Candidatus_Entotheonella
otu_285	Bacteria	Proteobacteria	Gammaproteobacteria	Alteromonadales	Colwelliaceae	Colwellia
otu_286	Bacteria	Proteobacteria	Alphaproteobacteria	Rhodobacterales	Rhodobacteraceae	Shimia
otu_287	Bacteria	Bacteroidetes	Flavobacteriia	Flavobacteriales	Blattabacteriaceae	CN77
otu_288	Bacteria	Proteobacteria	Betaproteobacteria	Burkholderiales	Burkholderiaceae	Ralstonia
otu_289	Bacteria	Proteobacteria	Deltaproteobacteria	Bdellovibrionales	Bdellovibrionaceae	Bdellovibrio
otu_290	Bacteria	Proteobacteria	Gammaproteobacteria	Chromatiales	Chromatiaceae	Nitrosococcus
otu_291	Bacteria	Verrucomicrobia	Verrucomicrobiae	Verrucomicrobiales	Rubritaleaceae	Rubritalea
otu_292	Bacteria	Proteobacteria	Gammaproteobacteria	Pseudomonadales	Moraxellaceae	Acinetobacter
otu_293	Bacteria	Verrucomicrobia	Opitutae	Puniceicoccales	Puniceicoccaceae	Coraliomargarita
otu_294	Bacteria	Firmicutes	Bacilli	Bacillales	Family_X	Thermicanus
otu_295	Bacteria	Spirochaetae	Spirochaetes	Spirochaetales	Spirochaetaceae	Salinispira
otu_296	Bacteria	Proteobacteria	Epsilonproteobacteria	Campylobacterales	Campylobacteraceae	Arcobacter
otu_297	Bacteria	Actinobacteria	Actinobacteria	Corynebacteriales	Corynebacteriaceae	Corynebacterium
otu_298	Bacteria	Bacteroidetes	Cytophagia	Cytophagales	Flammeovirgaceae	Aureibacter
otu_299	Bacteria	Proteobacteria	Alphaproteobacteria	Rhodospirillales	Rhodospirillaceae	Defluviicoccus
otu_300	Bacteria	Proteobacteria	Alphaproteobacteria	Rhodospirillales	Rhodospirillaceae	Magnetospira
otu_301	Bacteria	Bacteroidetes	Sphingobacteriia	Sphingobacteriales	Chitinophagaceae	Hydrotalea
otu_302	Bacteria	Proteobacteria	Alphaproteobacteria	Rhodospirillales	Rhodospirillaceae	Pelagibius
otu_303	Bacteria	Proteobacteria	Betaproteobacteria	Burkholderiales	Burkholderiaceae	Ralstonia
otu_304	Bacteria	Proteobacteria	Gammaproteobacteria	Oceanospirillales	Oceanospirillaceae	Neptuniibacter
otu_305	Bacteria	Proteobacteria	Gammaproteobacteria	Alteromonadales	Idiomarinaceae	Idiomarina
otu_306	Bacteria	Firmicutes	Clostridia	Clostridiales	Family_XII	Fusibacter
otu_307	Bacteria	Cyanobacteria	Cyanobacteria	SubsectionII	FamilyII	Pleurocapsa
otu_308	Bacteria	Cyanobacteria	Cyanobacteria	SubsectionI	FamilyI	Synechococcus
otu_309	Bacteria	Proteobacteria	Alphaproteobacteria	Sphingomonadales	Sphingomonadaceae	Sphingomonas
otu_310	Bacteria	Proteobacteria	Gammaproteobacteria	Alteromonadales	Pseudoalteromonadaceae	Algicola
otu_311	Bacteria	Firmicutes	Clostridia	Clostridiales	Lachnospiraceae	Vallitalea
otu_312	Bacteria	Actinobacteria	Actinobacteria	Bifidobacteriales	Bifidobacteriaceae	Bifidobacterium
otu_313	Bacteria	Planctomycetes	Planctomycetacia	Planctomycetales	Planctomycetaceae	Planctomyces
otu_314	Bacteria	Firmicutes	Clostridia	Clostridiales	Lachnospiraceae	Lachnospiraceae_UCG-005
otu_315	Bacteria	Firmicutes	Bacilli	Lactobacillales	Lactobacillaceae	Lactobacillus
otu_316	Bacteria	Proteobacteria	Gammaproteobacteria	Salinisphaerales	Salinisphaeraceae	Oceanococcus
otu_317	Bacteria	Proteobacteria	Betaproteobacteria	Burkholderiales	Alcaligenaceae	Sutterella
otu_318	Bacteria	Proteobacteria	Alphaproteobacteria	Rhodospirillales	Rhodospirillaceae	Defluviicoccus
otu_319	Bacteria	Proteobacteria	Gammaproteobacteria	Order_Incertae_Sedis	Family_Incertae_Sedis	Marinicella
otu_320	Bacteria	Bacteroidetes	Flavobacteriia	Flavobacteriales	Flavobacteriaceae	NS5_marine_group
otu_321	Bacteria	Actinobacteria	Actinobacteria	Propionibacteriales	Propionibacteriaceae	Propionibacterium
otu_322	Bacteria	Proteobacteria	Gammaproteobacteria	Alteromonadales	Moritellaceae	Paramoritella
otu_323	Bacteria	Bacteroidetes	Bacteroidia	Bacteroidales	Marinilabiaceae	Marinifilum
otu_324	Bacteria	Actinobacteria	Acidimicrobiia	Acidimicrobiales	Acidimicrobiaceae	Illumatobacter
otu_325	Bacteria	Planctomycetes	Planctomycetacia	Planctomycetales	Planctomycetaceae	Pir4_lineage
otu_326	Bacteria	Firmicutes	Clostridia	Clostridiales	Family_XII	Fusibacter
otu_327	Bacteria	Bacteroidetes	Flavobacteriia	Flavobacteriales	Flavobacteriaceae	NS5_marine_group
otu_328	Bacteria	Proteobacteria	Alphaproteobacteria	Rhizobiales	Rhizobiales_Incertae_Sedis	Bauldia
otu_329	Bacteria	Proteobacteria	Alphaproteobacteria	Rhizobiales	Methylobacteriaceae	Methylobacterium
otu_330	Bacteria	Proteobacteria	Gammaproteobacteria	Pseudomonadales	Moraxellaceae	Acinetobacter
otu_331	Bacteria	Bacteroidetes	Bacteroidia	Bacteroidales	Bacteroidaceae	Bacteroides
otu_332	Bacteria	Proteobacteria	Gammaproteobacteria	Cellvibrionales	Spongiibacteraceae	BD1-7_clade
otu_333	Bacteria	Proteobacteria	Betaproteobacteria	Burkholderiales	Comamonadaceae	Tepidimonas
otu_334	Bacteria	Bacteroidetes	Sphingobacteriia	Sphingobacteriales	Saprospiraceae	Portibacter
otu_335	Bacteria	Verrucomicrobia	Verrucomicrobiae	Verrucomicrobiales	Rubritaleaceae	Rubritalea
otu_336	Bacteria	Bacteroidetes	Cytophagia	Cytophagales	Flammeovirgaceae	Ekhidna
otu_337	Bacteria	Spirochaetae	Spirochaetes	Spirochaetales	Spirochaetaceae	Spirochaeta_2
otu_338	Bacteria	Verrucomicrobia	Opitutae	Puniceicoccales	Puniceicoccaceae	Lentimonas
otu_339	Bacteria	Proteobacteria	Gammaproteobacteria	Oceanospirillales	Oceanospirillaceae	Marinomonas
otu_340	Bacteria	Firmicutes	Clostridia	Clostridiales	Ruminococcaceae	Faecalibacterium
otu_341	Bacteria	Proteobacteria	Betaproteobacteria	Methylophilales	Methylophilaceae	Methylotenera
otu_342	Bacteria	Proteobacteria	Gammaproteobacteria	Alteromonadales	Alteromonadaceae	Glaciecola
otu_343	Bacteria	Proteobacteria	Alphaproteobacteria	Rhodobacterales	Rhodobacteraceae	Thalassobacter
otu_344	Bacteria	Proteobacteria	Alphaproteobacteria	Caulobacterales	Hyphomonadaceae	Algimonas
otu_345	Bacteria	Proteobacteria	Deltaproteobacteria	Myxococcales	Haliangiaceae	Haliangium
otu_346	Bacteria	Bacteroidetes	Flavobacteriia	Flavobacteriales	Flavobacteriaceae	Gilvibacter
otu_347	Bacteria	Proteobacteria	Epsilonproteobacteria	Campylobacterales	Campylobacteraceae	Arcobacter
otu_348	Bacteria	Cyanobacteria	Cyanobacteria	SubsectionIII	FamilyI	Oscillatoria
otu_349	Bacteria	Planctomycetes	Planctomycetacia	Planctomycetales	Planctomycetaceae	Planctomyces
otu_350	Bacteria	Proteobacteria	Deltaproteobacteria	Desulfobacterales	Nitrospinaceae	Candidatus_Entotheonella
otu_351	Bacteria	Actinobacteria	Actinobacteria	Actinomycetales	Actinomycetaceae	Actinomyces
otu_352	Bacteria	Proteobacteria	Gammaproteobacteria	Chromatiales	Chromatiaceae	Nitrosococcus
otu_353	Bacteria	Proteobacteria	Alphaproteobacteria	Rhodospirillales	Rhodospirillaceae	Pelagibius
otu_354	Bacteria	Proteobacteria	Alphaproteobacteria	Sphingomonadales	Sphingomonadaceae	Sphingobium
otu_355	Bacteria	Proteobacteria	Gammaproteobacteria	Oceanospirillales	Hahellaceae	Endozoicomonas
otu_356	Bacteria	Firmicutes	Bacilli	Bacillales	Alicyclobacillaceae	Tumebacillus
otu_357	Bacteria	Nitrospirae	Nitrospira	Nitrospirales	Nitrospiraceae	Nitrospira
otu_358	Bacteria	Proteobacteria	Alphaproteobacteria	Rhodobacterales	Rhodobacteraceae	Rhodovulum
otu_359	Bacteria	Planctomycetes	Planctomycetacia	Planctomycetales	Planctomycetaceae	Rubripirellula
otu_360	Bacteria	Bacteroidetes	Bacteroidia	Bacteroidia_Incertae_Sedis	Prolixibacteraceae	Prolixibacter
otu_361	Bacteria	Proteobacteria	Alphaproteobacteria	Rhodobacterales	Rhodobacteraceae	Labrenzia
otu_362	Bacteria	Proteobacteria	Gammaproteobacteria	Chromatiales	Chromatiaceae	Nitrosococcus
otu_363	Bacteria	Proteobacteria	Deltaproteobacteria	Desulfovibrionales	Desulfovibrionaceae	Desulfovibrio
otu_364	Bacteria	Bacteroidetes	Flavobacteriia	Flavobacteriales	Flavobacteriaceae	Tenacibaculum
otu_365	Bacteria	Proteobacteria	Deltaproteobacteria	Desulfovibrionales	Desulfovibrionaceae	Desulfovibrio
otu_366	Bacteria	Bacteroidetes	Flavobacteriia	Flavobacteriales	Flavobacteriaceae	NS4_marine_group
otu_367	Bacteria	Cyanobacteria	Cyanobacteria	SubsectionIII	FamilyI	Oscillatoria
otu_368	Bacteria	Proteobacteria	Alphaproteobacteria	Rhodobacterales	Rhodobacteraceae	Pseudorhodobacter
otu_369	Bacteria	Proteobacteria	Deltaproteobacteria	Bdellovibrionales	Bacteriovoracaceae	Peredibacter
otu_370	Bacteria	Proteobacteria	Alphaproteobacteria	Rhodospirillales	Rhodospirillaceae	Pelagibius
otu_371	Bacteria	Nitrospirae	Nitrospira	Nitrospirales	Nitrospiraceae	Nitrospira
otu_372	Bacteria	Proteobacteria	Epsilonproteobacteria	Campylobacterales	Campylobacteraceae	Arcobacter
otu_373	Bacteria	Nitrospirae	Nitrospira	Nitrospirales	Nitrospiraceae	Nitrospira
otu_374	Bacteria	Proteobacteria	Gammaproteobacteria	Alteromonadales	Shewanellaceae	Shewanella
otu_375	Bacteria	Proteobacteria	Alphaproteobacteria	Rhizobiales	Rhodobiaceae	Rhodobium
otu_376	Bacteria	Proteobacteria	Gammaproteobacteria	Cellvibrionales	Porticoccaceae	SAR92_clade
otu_377	Bacteria	Proteobacteria	Gammaproteobacteria	Cellvibrionales	Cellvibrionaceae	Pseudomaricurvus
otu_378	Bacteria	Bacteroidetes	Sphingobacteriia	Sphingobacteriales	Saprospiraceae	Lewinella
otu_379	Bacteria	Bacteroidetes	Flavobacteriia	Flavobacteriales	Flavobacteriaceae	NS5_marine_group
otu_380	Bacteria	Nitrospirae	Nitrospira	Nitrospirales	Nitrospiraceae	Nitrospira
otu_381	Bacteria	Actinobacteria	Actinobacteria	Corynebacteriales	Mycobacteriaceae	Mycobacterium
otu_382	Bacteria	Bacteroidetes	Cytophagia	Cytophagales	Cytophagaceae	Siphonobacter
otu_383	Bacteria	Proteobacteria	Deltaproteobacteria	Desulfobacterales	Desulfobacteraceae	Sva0081_sediment_group
otu_384	Bacteria	Bacteroidetes	Bacteroidia	Bacteroidales	Prevotellaceae	Prevotella
otu_385	Bacteria	Proteobacteria	Gammaproteobacteria	Oceanospirillales	Hahellaceae	Endozoicomonas
otu_386	Bacteria	Firmicutes	Bacilli	Lactobacillales	Carnobacteriaceae	Atopostipes
otu_387	Bacteria	Bacteroidetes	Flavobacteriia	Flavobacteriales	Flavobacteriaceae	Aquibacter
otu_388	Bacteria	Actinobacteria	Acidimicrobiia	Acidimicrobiales	OM1_clade	Candidatus_Actinomarina
otu_389	Bacteria	Proteobacteria	Betaproteobacteria	Burkholderiales	Alcaligenaceae	MWH-UniP1_aquatic_group
otu_390	Bacteria	Proteobacteria	Deltaproteobacteria	Desulfobacterales	Nitrospinaceae	Candidatus_Entotheonella
otu_391	Bacteria	Bacteroidetes	Flavobacteriia	Flavobacteriales	Flavobacteriaceae	NS5_marine_group
otu_392	Bacteria	Proteobacteria	Epsilonproteobacteria	Campylobacterales	Campylobacteraceae	Arcobacter
otu_393	Bacteria	Verrucomicrobia	Opitutae	Puniceicoccales	Puniceicoccaceae	Coraliomargarita
otu_394	Bacteria	Bacteroidetes	Flavobacteriia	Flavobacteriales	Flavobacteriaceae	Aquimarina
otu_395	Bacteria	Cyanobacteria	Cyanobacteria	SubsectionI	FamilyI	Synechococcus
otu_396	Bacteria	Proteobacteria	Deltaproteobacteria	Desulfobacterales	Nitrospinaceae	Candidatus_Entotheonella
otu_397	Bacteria	Proteobacteria	Gammaproteobacteria	Alteromonadales	Idiomarinaceae	Idiomarina
otu_398	Bacteria	Proteobacteria	Betaproteobacteria	Hydrogenophilales	Hydrogenophilaceae	Tepidiphilus
otu_399	Bacteria	Proteobacteria	Alphaproteobacteria	Rhizobiales	Bradyrhizobiaceae	Bradyrhizobium
otu_400	Bacteria	Actinobacteria	Actinobacteria	Corynebacteriales	Mycobacteriaceae	Mycobacterium
otu_401	Bacteria	Proteobacteria	Alphaproteobacteria	Caulobacterales	Hyphomonadaceae	Maricaulis
otu_402	Bacteria	Proteobacteria	Gammaproteobacteria	Oceanospirillales	Oceanospirillaceae	Oleispira
otu_403	Bacteria	Bacteroidetes	Flavobacteriia	Flavobacteriales	Flavobacteriaceae	Winogradskyella
otu_404	Bacteria	Proteobacteria	Alphaproteobacteria	Rhodospirillales	Rhodospirillaceae	AEGEAN-169_marine_group
otu_405	Bacteria	Verrucomicrobia	Verrucomicrobiae	Verrucomicrobiales	Rubritaleaceae	Rubritalea
otu_406	Bacteria	Proteobacteria	Alphaproteobacteria	Rhodospirillales	Rhodospirillaceae	Tistlia
otu_407	Bacteria	Bacteroidetes	Flavobacteriia	Flavobacteriales	Flavobacteriaceae	Flavobacterium
otu_408	Bacteria	Cyanobacteria	Cyanobacteria	SubsectionIII	FamilyI	Spirulina
otu_409	Bacteria	Proteobacteria	Gammaproteobacteria	Xanthomonadales	Xanthomonadaceae	Pseudoxanthomonas
otu_410	Bacteria	Firmicutes	Clostridia	Clostridiales	Peptostreptococcaceae	Romboutsia
otu_411	Bacteria	Proteobacteria	Gammaproteobacteria	Pseudomonadales	Moraxellaceae	Acinetobacter
otu_412	Bacteria	Planctomycetes	Planctomycetacia	Planctomycetales	Planctomycetaceae	Pirellula
otu_413	Bacteria	Proteobacteria	Gammaproteobacteria	Vibrionales	Vibrionaceae	Photobacterium
otu_414	Bacteria	Proteobacteria	Alphaproteobacteria	Parvularculales	Parvularculaceae	Parvularcula
otu_415	Bacteria	Nitrospirae	Nitrospira	Nitrospirales	Nitrospiraceae	Nitrospira
otu_416	Bacteria	Proteobacteria	Deltaproteobacteria	Myxococcales	Haliangiaceae	Haliangium
otu_417	Bacteria	Proteobacteria	Deltaproteobacteria	Desulfobacterales	Desulfobacteraceae	Sva0081_sediment_group
otu_418	Bacteria	Firmicutes	Clostridia	Clostridiales	Lachnospiraceae	Lachnospiraceae_NK4A136_group
otu_419	Bacteria	Bacteroidetes	Flavobacteriia	Flavobacteriales	Flavobacteriaceae	NS5_marine_group
otu_420	Bacteria	Proteobacteria	Alphaproteobacteria	Caulobacterales	Hyphomonadaceae	Hyphomonas
otu_421	Bacteria	Proteobacteria	Gammaproteobacteria	Chromatiales	Chromatiaceae	Nitrosococcus
otu_422	Bacteria	Bacteroidetes	Bacteroidia	Bacteroidales	Porphyromonadaceae	Parabacteroides
otu_423	Bacteria	Proteobacteria	Gammaproteobacteria	Enterobacteriales	Enterobacteriaceae	Yersinia
otu_424	Bacteria	Planctomycetes	Planctomycetacia	Planctomycetales	Planctomycetaceae	Rhodopirellula
otu_425	Bacteria	Bacteroidetes	Flavobacteriia	Flavobacteriales	Flavobacteriaceae	NS4_marine_group
otu_426	Bacteria	Proteobacteria	Alphaproteobacteria	Parvularculales	Parvularculaceae	Parvularcula
otu_427	Bacteria	Proteobacteria	Alphaproteobacteria	Rhodospirillales	Rhodospirillaceae	Magnetospira
otu_428	Bacteria	Proteobacteria	Gammaproteobacteria	Alteromonadales	Colwelliaceae	Colwellia
otu_429	Bacteria	Proteobacteria	Deltaproteobacteria	Desulfobacterales	Nitrospinaceae	Candidatus_Entotheonella
otu_430	Bacteria	Proteobacteria	Alphaproteobacteria	Rhodobacterales	Rhodobacteraceae	Tateyamaria
otu_431	Bacteria	Bacteroidetes	Cytophagia	Cytophagales	Flammeovirgaceae	Ekhidna
otu_432	Bacteria	Bacteroidetes	Bacteroidia	Bacteroidales	Porphyromonadaceae	Porphyromonas
otu_433	Bacteria	Verrucomicrobia	Verrucomicrobiae	Verrucomicrobiales	Rubritaleaceae	Rubritalea
otu_434	Bacteria	Planctomycetes	Planctomycetacia	Planctomycetales	Planctomycetaceae	Pir4_lineage
otu_435	Bacteria	Proteobacteria	Epsilonproteobacteria	Campylobacterales	Campylobacteraceae	Sulfurospirillum
otu_436	Bacteria	Cyanobacteria	Cyanobacteria	SubsectionI	FamilyI	Synechococcus
otu_437	Bacteria	Planctomycetes	Planctomycetacia	Planctomycetales	Planctomycetaceae	Planctomyces
otu_438	Bacteria	Planctomycetes	Planctomycetacia	Planctomycetales	Planctomycetaceae	Rubripirellula
otu_439	Bacteria	Proteobacteria	Alphaproteobacteria	Rhodospirillales	Rhodospirillaceae	OM75_clade
otu_440	Bacteria	Spirochaetae	Spirochaetes	Spirochaetales	Spirochaetaceae	Spirochaeta_2
otu_441	Bacteria	Firmicutes	Clostridia	Clostridiales	Ruminococcaceae	Ruminococcaceae_UCG-014
otu_442	Bacteria	Planctomycetes	Phycisphaerae	Phycisphaerales	Phycisphaeraceae	CL500-3
otu_443	Bacteria	Proteobacteria	Alphaproteobacteria	Rhodobacterales	Rhodobacteraceae	Rubrimonas
otu_444	Bacteria	Proteobacteria	Betaproteobacteria	Burkholderiales	Comamonadaceae	Aquabacterium
otu_445	Bacteria	Bacteroidetes	Flavobacteriia	Flavobacteriales	Cryomorphaceae	Crocinitomix
otu_446	Bacteria	Proteobacteria	Alphaproteobacteria	Rhizobiales	Bradyrhizobiaceae	Bosea
otu_447	Bacteria	Firmicutes	Bacilli	Bacillales	Bacillaceae	Geobacillus
otu_448	Bacteria	Bacteroidetes	Flavobacteriia	Flavobacteriales	Flavobacteriaceae	Muricauda
otu_449	Bacteria	Cyanobacteria	Cyanobacteria	SubsectionIV	FamilyII	Rivularia
otu_450	Bacteria	Proteobacteria	Gammaproteobacteria	Chromatiales	Chromatiaceae	Nitrosococcus
otu_451	Bacteria	Proteobacteria	Deltaproteobacteria	Bdellovibrionales	Bdellovibrionaceae	Bdellovibrio
otu_452	Bacteria	Bacteroidetes	Bacteroidia	Bacteroidales	Prevotellaceae	Alloprevotella
otu_453	Bacteria	Proteobacteria	Gammaproteobacteria	Aeromonadales	Aeromonadaceae	Aeromonas
otu_454	Bacteria	Actinobacteria	Actinobacteria	Corynebacteriales	Corynebacteriaceae	Corynebacterium_1
otu_455	Bacteria	Proteobacteria	Deltaproteobacteria	Bdellovibrionales	Bdellovibrionaceae	Bdellovibrio
otu_456	Bacteria	Spirochaetae	Spirochaetes	Spirochaetales	Spirochaetaceae	Spirochaeta_2
otu_457	Bacteria	Proteobacteria	Gammaproteobacteria	Alteromonadales	Colwelliaceae	Thalassotalea
otu_458	Bacteria	Firmicutes	Bacilli	Bacillales	Family_XI	Gemella
otu_459	Bacteria	Nitrospirae	Nitrospira	Nitrospirales	Nitrospiraceae	Nitrospira
otu_460	Bacteria	Cyanobacteria	Cyanobacteria	SubsectionIII	FamilyI	Trichodesmium
otu_461	Bacteria	Proteobacteria	Alphaproteobacteria	Rhodobacterales	Rhodobacteraceae	Loktanella
otu_462	Bacteria	Proteobacteria	Deltaproteobacteria	Bdellovibrionales	Bacteriovoracaceae	Peredibacter
otu_463	Bacteria	Fusobacteria	Fusobacteriia	Fusobacteriales	Fusobacteriaceae	Propionigenium
otu_464	Bacteria	Actinobacteria	Acidimicrobiia	Acidimicrobiales	OM1_clade	Candidatus_Actinomarina
otu_465	Bacteria	Proteobacteria	Alphaproteobacteria	Sphingomonadales	Sphingomonadaceae	Sphingomonas
otu_466	Bacteria	Actinobacteria	Actinobacteria	Micrococcales	Microbacteriaceae	Candidatus_Aquiluna
otu_467	Bacteria	Proteobacteria	Gammaproteobacteria	Pseudomonadales	Moraxellaceae	Acinetobacter
otu_468	Bacteria	Proteobacteria	Gammaproteobacteria	Chromatiales	Chromatiaceae	Nitrosococcus
otu_469	Bacteria	Proteobacteria	Epsilonproteobacteria	Campylobacterales	Campylobacteraceae	Arcobacter
otu_470	Bacteria	Bacteroidetes	Bacteroidia	Bacteroidales	Bacteroidaceae	Bacteroides
otu_471	Bacteria	Planctomycetes	Planctomycetacia	Planctomycetales	Planctomycetaceae	Planctomyces
otu_472	Bacteria	Firmicutes	Clostridia	Clostridiales	Lachnospiraceae	Blautia
otu_473	Bacteria	Proteobacteria	Deltaproteobacteria	Bdellovibrionales	Bdellovibrionaceae	Bdellovibrio
otu_474	Bacteria	Firmicutes	Bacilli	Bacillales	Staphylococcaceae	Macrococcus
otu_475	Bacteria	Planctomycetes	Planctomycetacia	Planctomycetales	Planctomycetaceae	Blastopirellula
otu_476	Bacteria	Cyanobacteria	Cyanobacteria	SubsectionI	FamilyI	Prochlorococcus
otu_477	Bacteria	Planctomycetes	Planctomycetacia	Planctomycetales	Planctomycetaceae	Blastopirellula
otu_478	Bacteria	Firmicutes	Clostridia	Clostridiales	Lachnospiraceae	Blautia
otu_479	Bacteria	Nitrospirae	Nitrospira	Nitrospirales	Nitrospiraceae	Nitrospira
otu_480	Bacteria	Firmicutes	Clostridia	Clostridiales	Family_XI	Peptoniphilus
otu_481	Bacteria	Cyanobacteria	Cyanobacteria	SubsectionI	FamilyI	Synechococcus
otu_482	Bacteria	Proteobacteria	Alphaproteobacteria	Rhodobacterales	Rhodobacteraceae	Pseudoruegeria
otu_483	Bacteria	Proteobacteria	Alphaproteobacteria	Rhizobiales	Methylobacteriaceae	Methylobacterium
otu_484	Bacteria	Proteobacteria	Gammaproteobacteria	Chromatiales	Chromatiaceae	Nitrosococcus
otu_485	Bacteria	Actinobacteria	Acidimicrobiia	Acidimicrobiales	Acidimicrobiaceae	Illumatobacter
otu_486	Bacteria	Actinobacteria	Actinobacteria	Propionibacteriales	Nocardioidaceae	Aeromicrobium
otu_487	Bacteria	Cyanobacteria	Cyanobacteria	SubsectionI	FamilyI	Synechococcus
otu_488	Bacteria	Proteobacteria	Gammaproteobacteria	Alteromonadales	Psychromonadaceae	Psychromonas
otu_489	Bacteria	Planctomycetes	Planctomycetacia	Planctomycetales	Planctomycetaceae	Blastopirellula
otu_490	Bacteria	Proteobacteria	Alphaproteobacteria	Sphingomonadales	Sphingomonadaceae	Sphingorhabdus
otu_491	Bacteria	Spirochaetae	Spirochaetes	Spirochaetales	Spirochaetaceae	Spirochaeta_2
otu_492	Bacteria	Cyanobacteria	Cyanobacteria	SubsectionI	FamilyI	Prochloron
otu_493	Bacteria	Cyanobacteria	Cyanobacteria	SubsectionI	FamilyI	Prochloron
otu_494	Bacteria	Proteobacteria	Gammaproteobacteria	Chromatiales	Chromatiaceae	Nitrosococcus
otu_495	Bacteria	Bacteroidetes	Bacteroidia	Bacteroidales	Bacteroidaceae	Bacteroides
otu_496	Bacteria	Proteobacteria	Gammaproteobacteria	Oceanospirillales	Alcanivoracaceae	Kangiella
otu_497	Bacteria	Nitrospirae	Nitrospira	Nitrospirales	Nitrospiraceae	Nitrospira
otu_498	Bacteria	Cyanobacteria	Cyanobacteria	SubsectionII	FamilyII	Pleurocapsa
otu_499	Bacteria	Proteobacteria	Deltaproteobacteria	Bdellovibrionales	Bacteriovoracaceae	Peredibacter
otu_500	Bacteria	Proteobacteria	Deltaproteobacteria	Bdellovibrionales	Bdellovibrionaceae	Bdellovibrio
otu_501	Bacteria	Proteobacteria	Gammaproteobacteria	Order_Incertae_Sedis	Family_Incertae_Sedis	Marinicella
otu_502	Bacteria	Proteobacteria	Gammaproteobacteria	Chromatiales	Chromatiaceae	Nitrosococcus
otu_503	Bacteria	Verrucomicrobia	Verrucomicrobiae	Verrucomicrobiales	Verrucomicrobiaceae	Persicirhabdus
otu_504	Bacteria	Proteobacteria	Gammaproteobacteria	Cellvibrionales	Cellvibrionaceae	Teredinibacter
otu_505	Bacteria	Bacteroidetes	Bacteroidia	Bacteroidales	Porphyromonadaceae	Dysgonomonas
otu_506	Bacteria	Proteobacteria	Deltaproteobacteria	Bdellovibrionales	Bdellovibrionaceae	Bdellovibrio
otu_507	Bacteria	Proteobacteria	Epsilonproteobacteria	Campylobacterales	Campylobacteraceae	Arcobacter
otu_508	Bacteria	Cyanobacteria	Cyanobacteria	SubsectionIII	FamilyI	Spirulina
otu_509	Bacteria	Bacteroidetes	Flavobacteriia	Flavobacteriales	Flavobacteriaceae	Aquimarina
otu_510	Bacteria	Firmicutes	Clostridia	Clostridiales	Lachnospiraceae	Fusicatenibacter
otu_511	Bacteria	Bacteroidetes	Bacteroidia	Bacteroidales	Prevotellaceae	Alloprevotella
otu_512	Bacteria	Proteobacteria	Deltaproteobacteria	Bdellovibrionales	Bdellovibrionaceae	Bdellovibrio
otu_513	Bacteria	Proteobacteria	Deltaproteobacteria	Bdellovibrionales	Bdellovibrionaceae	Bdellovibrio
otu_514	Bacteria	Planctomycetes	Planctomycetacia	Planctomycetales	Planctomycetaceae	Blastopirellula
otu_515	Bacteria	Proteobacteria	Gammaproteobacteria	Salinisphaerales	Salinisphaeraceae	ZD0417_marine_group
otu_516	Bacteria	Proteobacteria	Epsilonproteobacteria	Campylobacterales	Helicobacteraceae	Sulfurimonas
otu_517	Bacteria	Verrucomicrobia	Verrucomicrobiae	Verrucomicrobiales	Verrucomicrobiaceae	Roseibacillus
otu_518	Bacteria	Planctomycetes	Planctomycetacia	Planctomycetales	Planctomycetaceae	Blastopirellula
otu_519	Bacteria	Spirochaetae	Spirochaetes	Spirochaetales	Spirochaetaceae	Salinispira
otu_520	Bacteria	Spirochaetae	Spirochaetes	Spirochaetales	Spirochaetaceae	Spirochaeta_2
otu_521	Bacteria	Proteobacteria	Gammaproteobacteria	Alteromonadales	Colwelliaceae	Colwellia
otu_522	Bacteria	Proteobacteria	Deltaproteobacteria	Desulfobacterales	Desulfobacteraceae	Sva0081_sediment_group
otu_523	Bacteria	Proteobacteria	Deltaproteobacteria	Desulfuromonadales	Desulfuromonadaceae	Malonomonas
otu_524	Bacteria	Cyanobacteria	Cyanobacteria	SubsectionII	FamilyII	Pleurocapsa
otu_525	Bacteria	Proteobacteria	Gammaproteobacteria	Alteromonadales	Colwelliaceae	Thalassomonas
otu_526	Bacteria	Proteobacteria	Gammaproteobacteria	Pseudomonadales	Moraxellaceae	Alkanindiges
otu_527	Bacteria	Bacteroidetes	Cytophagia	Cytophagales	Flammeovirgaceae	Ekhidna
otu_528	Bacteria	Firmicutes	Clostridia	Clostridiales	Lachnospiraceae	Dorea
otu_529	Bacteria	Cyanobacteria	Cyanobacteria	SubsectionI	FamilyI	Prochlorococcus
otu_530	Bacteria	Bacteroidetes	Flavobacteriia	Flavobacteriales	Flavobacteriaceae	Zeaxanthinibacter
otu_531	Bacteria	Cyanobacteria	Cyanobacteria	SubsectionI	FamilyI	Synechococcus
otu_532	Bacteria	Proteobacteria	Gammaproteobacteria	Oceanospirillales	Hahellaceae	Endozoicomonas
otu_533	Bacteria	Proteobacteria	Betaproteobacteria	Methylophilales	Methylophilaceae	OM43_clade
otu_534	Bacteria	Cyanobacteria	Cyanobacteria	SubsectionI	FamilyI	marine_group
otu_535	Bacteria	Proteobacteria	Deltaproteobacteria	Bdellovibrionales	Bacteriovoracaceae	Peredibacter
otu_536	Bacteria	Proteobacteria	Alphaproteobacteria	Rhizobiales	Hyphomicrobiaceae	Hyphomicrobium
otu_537	Bacteria	Bacteroidetes	Bacteroidia	Bacteroidales	Porphyromonadaceae	Proteiniphilum
otu_538	Bacteria	Proteobacteria	Gammaproteobacteria	Oceanospirillales	Litoricolaceae	Litoricola
otu_539	Bacteria	Cyanobacteria	Cyanobacteria	SubsectionI	FamilyI	Cyanobacterium
otu_540	Bacteria	Proteobacteria	Deltaproteobacteria	Desulfobacterales	Nitrospinaceae	Candidatus_Entotheonella
otu_541	Bacteria	Proteobacteria	Gammaproteobacteria	Order_Incertae_Sedis	Family_Incertae_Sedis	Marinicella
otu_542	Bacteria	Bacteroidetes	Cytophagia	Cytophagales	Flammeovirgaceae	Flexithrix
otu_543	Bacteria	Bacteroidetes	Bacteroidia	Bacteroidales	Marinilabiaceae	Carboxylicivirga
otu_544	Bacteria	Firmicutes	Bacilli	Lactobacillales	Carnobacteriaceae	Granulicatella
otu_545	Bacteria	Proteobacteria	Alphaproteobacteria	Sphingomonadales	Sphingomonadaceae	Sphingomonas
otu_546	Bacteria	Actinobacteria	Acidimicrobiia	Acidimicrobiales	OM1_clade	Candidatus_Actinomarina
otu_547	Bacteria	Firmicutes	Clostridia	Clostridiales	Family_XI	Ezakiella
otu_548	Bacteria	Bacteroidetes	Bacteroidia	Bacteroidales	Rikenellaceae	Alistipes
otu_549	Bacteria	Bacteroidetes	Flavobacteriia	Flavobacteriales	Flavobacteriaceae	Nonlabens
otu_550	Bacteria	Proteobacteria	Betaproteobacteria	Burkholderiales	Oxalobacteraceae	Massilia
otu_551	Bacteria	Bacteroidetes	Bacteroidia	Bacteroidales	Prevotellaceae	Paraprevotella
otu_552	Bacteria	Proteobacteria	Gammaproteobacteria	Alteromonadales	Pseudoalteromonadaceae	Pseudoalteromonas
otu_553	Bacteria	Firmicutes	Clostridia	Clostridiales	Defluviitaleaceae	Defluviitalea
otu_554	Bacteria	Planctomycetes	Phycisphaerae	Phycisphaerales	Phycisphaeraceae	Urania-1B-19_marine_sediment_group
otu_555	Bacteria	Planctomycetes	Planctomycetacia	Planctomycetales	Planctomycetaceae	Blastopirellula
otu_556	Bacteria	Bacteroidetes	Sphingobacteriia	Sphingobacteriales	Saprospiraceae	Portibacter
otu_557	Bacteria	Proteobacteria	Deltaproteobacteria	Desulfobacterales	Nitrospinaceae	Candidatus_Entotheonella
otu_558	Bacteria	Proteobacteria	Gammaproteobacteria	Xanthomonadales	Xanthomonadaceae	Xanthomonas
otu_559	Bacteria	Actinobacteria	Actinobacteria	Corynebacteriales	Corynebacteriaceae	Corynebacterium_1
otu_560	Bacteria	Firmicutes	Clostridia	Clostridiales	Lachnospiraceae	Lachnospiraceae_NK4A136_group
otu_561	Bacteria	Proteobacteria	Alphaproteobacteria	Caulobacterales	Caulobacteraceae	Brevundimonas
otu_562	Bacteria	Proteobacteria	Gammaproteobacteria	Pasteurellales	Pasteurellaceae	Haemophilus
otu_563	Bacteria	Cyanobacteria	Cyanobacteria	SubsectionI	FamilyI	Synechococcus
otu_564	Bacteria	Bacteroidetes	Cytophagia	Cytophagales	Flammeovirgaceae	Roseivirga
otu_565	Bacteria	Proteobacteria	Gammaproteobacteria	Oceanospirillales	Alcanivoracaceae	Kangiella
otu_566	Bacteria	Proteobacteria	Alphaproteobacteria	Rhizobiales	Phyllobacteriaceae	Hoeflea
otu_567	Bacteria	Bacteroidetes	Bacteroidia	Bacteroidales	Prevotellaceae	Prevotella
otu_568	Bacteria	Proteobacteria	Gammaproteobacteria	Cellvibrionales	Porticoccaceae	SAR92_clade
otu_569	Bacteria	Proteobacteria	Gammaproteobacteria	Oceanospirillales	Hahellaceae	Endozoicomonas
otu_570	Bacteria	Proteobacteria	Gammaproteobacteria	Alteromonadales	Alteromonadaceae	Aestuariibacter
otu_571	Bacteria	Proteobacteria	Gammaproteobacteria	Chromatiales	Granulosicoccaceae	Granulosicoccus
otu_572	Bacteria	Firmicutes	Clostridia	Clostridiales	Family_XI	Finegoldia
otu_573	Bacteria	Proteobacteria	Gammaproteobacteria	Legionellales	Coxiellaceae	Coxiella
otu_574	Bacteria	Chlamydiae	Chlamydiae	Chlamydiales	Simkaniaceae	Simkania
otu_575	Bacteria	Cyanobacteria	Cyanobacteria	SubsectionIV	FamilyII	Calothrix
otu_576	Bacteria	Bacteroidetes	Flavobacteriia	Flavobacteriales	Flavobacteriaceae	NS5_marine_group
otu_577	Bacteria	Proteobacteria	Deltaproteobacteria	Desulfobacterales	Nitrospinaceae	Candidatus_Entotheonella
otu_578	Bacteria	Spirochaetae	Spirochaetes	Spirochaetales	Spirochaetaceae	Spirochaeta_2
otu_579	Bacteria	Planctomycetes	Planctomycetacia	Planctomycetales	Planctomycetaceae	Blastopirellula
otu_580	Bacteria	Proteobacteria	Gammaproteobacteria	Oceanospirillales	Alcanivoracaceae	Kangiella
otu_581	Bacteria	Bacteroidetes	Bacteroidia	Bacteroidales	Bacteroidaceae	Bacteroides
otu_582	Bacteria	Cyanobacteria	Cyanobacteria	SubsectionI	FamilyI	Synechococcus
otu_583	Bacteria	Proteobacteria	Gammaproteobacteria	Chromatiales	Chromatiaceae	Nitrosococcus
otu_584	Bacteria	Bacteroidetes	Flavobacteriia	Flavobacteriales	Flavobacteriaceae	Moheibacter
otu_585	Bacteria	Proteobacteria	Betaproteobacteria	Methylophilales	Methylophilaceae	Methylophilus
otu_586	Bacteria	Proteobacteria	Gammaproteobacteria	Oceanospirillales	Oceanospirillaceae	Marinobacterium
otu_587	Bacteria	Proteobacteria	Alphaproteobacteria	Sneathiellales	Sneathiellaceae	Sneathiella
otu_588	Bacteria	Planctomycetes	Planctomycetacia	Planctomycetales	Planctomycetaceae	Blastopirellula
otu_589	Bacteria	Bacteroidetes	Cytophagia	Cytophagales	Flammeovirgaceae	Candidatus_Amoebophilus
otu_590	Bacteria	Proteobacteria	Deltaproteobacteria	Desulfobacterales	Nitrospinaceae	Candidatus_Entotheonella
otu_591	Bacteria	Proteobacteria	Deltaproteobacteria	Myxococcales	Nannocystaceae	Pseudenhygromyxa
otu_592	Bacteria	Proteobacteria	Gammaproteobacteria	Alteromonadales	Shewanellaceae	Shewanella
otu_593	Bacteria	Proteobacteria	Deltaproteobacteria	Desulfobacterales	Nitrospinaceae	Candidatus_Entotheonella
otu_594	Bacteria	Proteobacteria	Deltaproteobacteria	Desulfobacterales	Nitrospinaceae	Candidatus_Entotheonella
otu_595	Bacteria	Proteobacteria	Gammaproteobacteria	Pseudomonadales	Pseudomonadaceae	Pseudomonas
otu_596	Bacteria	Firmicutes	Erysipelotrichia	Erysipelotrichales	Erysipelotrichaceae	Erysipelotrichaceae_UCG-003
otu_597	Bacteria	Proteobacteria	Deltaproteobacteria	Desulfobacterales	Nitrospinaceae	Candidatus_Entotheonella
otu_598	Bacteria	Verrucomicrobia	Spartobacteria	Chthoniobacterales	Chthoniobacteraceae	Chthoniobacter
otu_599	Bacteria	Firmicutes	Clostridia	Clostridiales	Ruminococcaceae	Ruminococcaceae_UCG-005
otu_600	Bacteria	Proteobacteria	Deltaproteobacteria	Bdellovibrionales	Bdellovibrionaceae	Bdellovibrio
otu_601	Bacteria	Bacteroidetes	Flavobacteriia	Flavobacteriales	Flavobacteriaceae	Aquimarina
otu_602	Bacteria	Nitrospirae	Nitrospira	Nitrospirales	Nitrospiraceae	Nitrospira
otu_603	Bacteria	Actinobacteria	Acidimicrobiia	Acidimicrobiales	Acidimicrobiaceae	Illumatobacter
otu_604	Bacteria	Cyanobacteria	Cyanobacteria	SubsectionI	FamilyI	Prochloron
otu_605	Bacteria	Firmicutes	Clostridia	Clostridiales	Lachnospiraceae	Anaerostipes
otu_606	Bacteria	Proteobacteria	Gammaproteobacteria	Oceanospirillales	Oceanospirillaceae	Marinomonas
otu_607	Bacteria	Bacteroidetes	Flavobacteriia	Flavobacteriales	Flavobacteriaceae	Mesoflavibacter
otu_608	Bacteria	Bacteroidetes	Flavobacteriia	Flavobacteriales	Flavobacteriaceae	NS5_marine_group
otu_609	Bacteria	Planctomycetes	Phycisphaerae	Phycisphaerales	Phycisphaeraceae	CL500-3
otu_610	Bacteria	Nitrospirae	Nitrospira	Nitrospirales	Nitrospiraceae	Nitrospira
otu_611	Bacteria	Proteobacteria	Gammaproteobacteria	Oceanospirillales	Oceanospirillaceae	Thalassolituus
otu_612	Bacteria	Spirochaetae	Spirochaetes	Spirochaetales	Spirochaetaceae	Spirochaeta_2
otu_613	Bacteria	Proteobacteria	Deltaproteobacteria	Desulfobacterales	Nitrospinaceae	Candidatus_Entotheonella
otu_614	Bacteria	Bacteroidetes	Flavobacteriia	Flavobacteriales	Cryomorphaceae	Owenweeksia
otu_615	Bacteria	Nitrospirae	Nitrospira	Nitrospirales	Nitrospiraceae	Nitrospira
otu_616	Bacteria	Nitrospirae	Nitrospira	Nitrospirales	Nitrospiraceae	Nitrospira
otu_617	Bacteria	Planctomycetes	Planctomycetacia	Planctomycetales	Planctomycetaceae	Planctomyces
otu_618	Bacteria	Proteobacteria	Gammaproteobacteria	Xanthomonadales	Xanthomonadaceae	Stenotrophomonas
otu_619	Bacteria	Proteobacteria	Deltaproteobacteria	Desulfobacterales	Nitrospinaceae	Candidatus_Entotheonella
otu_620	Bacteria	Proteobacteria	Deltaproteobacteria	Myxococcales	Haliangiaceae	Haliangium
otu_621	Bacteria	Proteobacteria	Alphaproteobacteria	Rhodobacterales	Rhodobacteraceae	Rhodovulum
otu_622	Bacteria	Bacteroidetes	Flavobacteriia	Flavobacteriales	Cryomorphaceae	Owenweeksia
otu_623	Bacteria	Proteobacteria	Gammaproteobacteria	Thiotrichales	Piscirickettsiaceae	Methylophaga
otu_624	Bacteria	Proteobacteria	Gammaproteobacteria	Thiotrichales	Francisellaceae	Francisella
otu_625	Bacteria	Firmicutes	Bacilli	Lactobacillales	Carnobacteriaceae	Dolosigranulum
otu_626	Bacteria	Proteobacteria	Alphaproteobacteria	Rhodobacterales	Rhodobacteraceae	Nesiotobacter
otu_627	Bacteria	Proteobacteria	Deltaproteobacteria	Bdellovibrionales	Bdellovibrionaceae	Bdellovibrio
otu_628	Bacteria	Planctomycetes	Phycisphaerae	Phycisphaerales	Phycisphaeraceae	SM1A02
otu_629	Bacteria	Cyanobacteria	Cyanobacteria	SubsectionI	FamilyI	Synechococcus
otu_630	Bacteria	Proteobacteria	Gammaproteobacteria	Oceanospirillales	Hahellaceae	Endozoicomonas
otu_631	Bacteria	Proteobacteria	Deltaproteobacteria	Bdellovibrionales	Bdellovibrionaceae	Bdellovibrio
otu_632	Bacteria	Planctomycetes	Planctomycetacia	Planctomycetales	Planctomycetaceae	Blastopirellula
otu_633	Bacteria	Firmicutes	Clostridia	Clostridiales	Ruminococcaceae	Faecalibacterium
otu_634	Bacteria	Proteobacteria	Gammaproteobacteria	Chromatiales	Granulosicoccaceae	Granulosicoccus
otu_635	Bacteria	Proteobacteria	Alphaproteobacteria	Rhizobiales	Rhodobiaceae	Rhodobium
otu_636	Bacteria	Proteobacteria	Betaproteobacteria	Nitrosomonadales	Nitrosomonadaceae	Candidatus_Branchiomonas
otu_637	Bacteria	Bacteroidetes	Flavobacteriia	Flavobacteriales	Flavobacteriaceae	Eudoraea
otu_638	Bacteria	Proteobacteria	Gammaproteobacteria	Oceanospirillales	Hahellaceae	Endozoicomonas
otu_639	Bacteria	Proteobacteria	Deltaproteobacteria	Bdellovibrionales	Bdellovibrionaceae	Bdellovibrio
otu_640	Bacteria	Proteobacteria	Deltaproteobacteria	Desulfobacterales	Desulfobulbaceae	Desulfobulbus
otu_641	Bacteria	Proteobacteria	Alphaproteobacteria	Rhizobiales	Phyllobacteriaceae	Pseudahrensia
otu_642	Bacteria	Proteobacteria	Gammaproteobacteria	Pseudomonadales	Moraxellaceae	Acinetobacter
otu_643	Bacteria	Proteobacteria	Deltaproteobacteria	Desulfobacterales	Nitrospinaceae	Nitrospina
otu_644	Bacteria	Bacteroidetes	Flavobacteriia	Flavobacteriales	Flavobacteriaceae	Spongiibacterium
otu_645	Bacteria	Proteobacteria	Deltaproteobacteria	Bdellovibrionales	Bdellovibrionaceae	Bdellovibrio
otu_646	Bacteria	Proteobacteria	Gammaproteobacteria	Legionellales	Coxiellaceae	Coxiella
otu_647	Bacteria	Cyanobacteria	Cyanobacteria	SubsectionIII	FamilyI	Limnothrix
otu_648	Bacteria	Proteobacteria	Gammaproteobacteria	Order_Incertae_Sedis	Family_Incertae_Sedis	Marinicella
otu_649	Bacteria	Proteobacteria	Gammaproteobacteria	Pseudomonadales	Moraxellaceae	Acinetobacter
otu_650	Bacteria	Proteobacteria	Gammaproteobacteria	Oceanospirillales	Halomonadaceae	Halomonas
otu_651	Bacteria	Nitrospirae	Nitrospira	Nitrospirales	Nitrospiraceae	Nitrospira
otu_652	Bacteria	Proteobacteria	Gammaproteobacteria	Alteromonadales	Ferrimonadaceae	Ferrimonas
otu_653	Bacteria	Proteobacteria	Betaproteobacteria	Nitrosomonadales	Nitrosomonadaceae	Candidatus_Branchiomonas
otu_654	Bacteria	Planctomycetes	Planctomycetacia	Planctomycetales	Planctomycetaceae	Blastopirellula
otu_655	Bacteria	Planctomycetes	Planctomycetacia	Planctomycetales	Planctomycetaceae	Bythopirellula
otu_656	Bacteria	Proteobacteria	Alphaproteobacteria	Rhodospirillales	Rhodospirillaceae	Thalassospira
otu_657	Bacteria	Proteobacteria	Gammaproteobacteria	Legionellales	Coxiellaceae	Coxiella
otu_658	Bacteria	Actinobacteria	Actinobacteria	Propionibacteriales	Nocardioidaceae	Nocardioides
otu_659	Bacteria	Actinobacteria	Actinobacteria	Micrococcales	Micrococcaceae	Rothia
otu_660	Bacteria	Bacteroidetes	Flavobacteriia	Flavobacteriales	Cryomorphaceae	Salinirepens
otu_661	Bacteria	Firmicutes	Clostridia	Clostridiales	Family_XI	Anaerococcus
otu_662	Bacteria	Proteobacteria	Alphaproteobacteria	Rhodospirillales	Rhodospirillaceae	Thalassospira
otu_663	Bacteria	Proteobacteria	Gammaproteobacteria	Legionellales	Coxiellaceae	Rickettsiella
otu_664	Bacteria	Proteobacteria	Alphaproteobacteria	Rhodospirillales	Rhodospirillaceae	Defluviicoccus
otu_665	Bacteria	Firmicutes	Clostridia	Clostridiales	Family_XII	Fusibacter
otu_666	Bacteria	Proteobacteria	Alphaproteobacteria	Rhodospirillales	Rhodospirillaceae	Pelagibius
otu_667	Bacteria	Nitrospirae	Nitrospira	Nitrospirales	Nitrospiraceae	Nitrospira
otu_668	Bacteria	Proteobacteria	Alphaproteobacteria	Rhodospirillales	Rhodospirillaceae	Rhodovibrio
otu_669	Bacteria	Proteobacteria	Gammaproteobacteria	Alteromonadales	Colwelliaceae	Thalassotalea
otu_670	Bacteria	Actinobacteria	Acidimicrobiia	Acidimicrobiales	OM1_clade	Candidatus_Actinomarina
otu_671	Bacteria	Cyanobacteria	Cyanobacteria	SubsectionIII	FamilyI	Oscillatoria
otu_672	Bacteria	Proteobacteria	Deltaproteobacteria	Bdellovibrionales	Bdellovibrionaceae	OM27_clade
otu_673	Bacteria	Proteobacteria	Alphaproteobacteria	Rhizobiales	Phyllobacteriaceae	Aminobacter
otu_674	Bacteria	Firmicutes	Clostridia	Clostridiales	Family_XII	Fusibacter
otu_675	Bacteria	Proteobacteria	Alphaproteobacteria	Caulobacterales	Hyphomonadaceae	Henriciella
otu_676	Bacteria	Proteobacteria	Alphaproteobacteria	Rhizobiales	Phyllobacteriaceae	Pseudahrensia
otu_677	Bacteria	Proteobacteria	Deltaproteobacteria	Desulfobacterales	Desulfobulbaceae	Desulfopila
otu_678	Bacteria	Nitrospirae	Nitrospira	Nitrospirales	Nitrospiraceae	Nitrospira
otu_679	Bacteria	Tenericutes	Mollicutes	Acholeplasmatales	Acholeplasmataceae	Acholeplasma
otu_680	Bacteria	Planctomycetes	Planctomycetacia	Planctomycetales	Planctomycetaceae	Pir4_lineage
otu_681	Bacteria	Spirochaetae	Spirochaetes	Spirochaetales	Spirochaetaceae	Spirochaeta_2
otu_682	Bacteria	Bacteroidetes	Cytophagia	Cytophagales	Flammeovirgaceae	Candidatus_Amoebophilus
otu_683	Bacteria	Proteobacteria	Deltaproteobacteria	Bdellovibrionales	Bdellovibrionaceae	Bdellovibrio
otu_684	Bacteria	Bacteroidetes	Flavobacteriia	Flavobacteriales	Flavobacteriaceae	Pseudofulvibacter
otu_685	Bacteria	Proteobacteria	Deltaproteobacteria	Bdellovibrionales	Bdellovibrionaceae	Bdellovibrio
otu_686	Bacteria	Proteobacteria	Gammaproteobacteria	Chromatiales	Chromatiaceae	Nitrosococcus
otu_687	Bacteria	Proteobacteria	Deltaproteobacteria	Bdellovibrionales	Bdellovibrionaceae	Bdellovibrio
otu_688	Bacteria	Proteobacteria	Gammaproteobacteria	Oceanospirillales	Oceanospirillaceae	Oleispira
otu_689	Bacteria	Bacteroidetes	Flavobacteriia	Flavobacteriales	Flavobacteriaceae	Pibocella
otu_690	Bacteria	Nitrospirae	Nitrospira	Nitrospirales	Nitrospiraceae	Nitrospira
otu_691	Bacteria	Proteobacteria	Alphaproteobacteria	Rhodospirillales	Rhodospirillales_Incertae_Sedis	Candidatus_Alysiosphaera
otu_692	Bacteria	Proteobacteria	Alphaproteobacteria	Rhodobacterales	Rhodobacteraceae	Pseudovibrio
otu_693	Bacteria	Spirochaetae	Spirochaetes	Spirochaetales	Spirochaetaceae	Spirochaeta_2
otu_694	Bacteria	Proteobacteria	Gammaproteobacteria	Alteromonadales	Alteromonadaceae	Paraglaciecola
otu_695	Bacteria	Proteobacteria	Gammaproteobacteria	Alteromonadales	Ferrimonadaceae	Ferrimonas
otu_696	Bacteria	Proteobacteria	Deltaproteobacteria	Desulfovibrionales	Desulfovibrionaceae	Desulfovibrio
otu_697	Bacteria	Planctomycetes	Planctomycetacia	Planctomycetales	Planctomycetaceae	Blastopirellula
otu_698	Bacteria	Planctomycetes	Planctomycetacia	Planctomycetales	Planctomycetaceae	Blastopirellula
otu_699	Bacteria	Firmicutes	Clostridia	Clostridiales	Lachnospiraceae	Lachnospira
otu_700	Bacteria	Cyanobacteria	Cyanobacteria	SubsectionIII	FamilyI	Leptolyngbya
otu_701	Bacteria	Planctomycetes	Planctomycetacia	Planctomycetales	Planctomycetaceae	Bythopirellula
otu_702	Bacteria	Proteobacteria	Deltaproteobacteria	Bdellovibrionales	Bacteriovoracaceae	Halobacteriovorax
otu_703	Bacteria	Planctomycetes	Planctomycetacia	Planctomycetales	Planctomycetaceae	Blastopirellula
otu_704	Bacteria	Planctomycetes	Planctomycetacia	Planctomycetales	Planctomycetaceae	Pir4_lineage
otu_705	Bacteria	Spirochaetae	Spirochaetes	Spirochaetales	Spirochaetaceae	Spirochaeta_2
otu_706	Bacteria	Firmicutes	Bacilli	Lactobacillales	Lactobacillaceae	Lactobacillus
otu_707	Bacteria	Planctomycetes	Planctomycetacia	Planctomycetales	Planctomycetaceae	Planctomyces
otu_708	Bacteria	Proteobacteria	Gammaproteobacteria	Chromatiales	Chromatiaceae	Nitrosococcus
otu_709	Bacteria	Cyanobacteria	Cyanobacteria	SubsectionI	FamilyI	Prochlorococcus
otu_710	Bacteria	Proteobacteria	Epsilonproteobacteria	Campylobacterales	Campylobacteraceae	Arcobacter
otu_711	Bacteria	Proteobacteria	Epsilonproteobacteria	Campylobacterales	Campylobacteraceae	Arcobacter
otu_712	Bacteria	Lentisphaerae	Lentisphaeria	Lentisphaerales	Lentisphaeraceae	Lentisphaera
otu_713	Bacteria	Proteobacteria	Gammaproteobacteria	Oceanospirillales	Halomonadaceae	Cobetia
otu_714	Bacteria	Proteobacteria	Gammaproteobacteria	Alteromonadales	Colwelliaceae	Thalassotalea
otu_715	Bacteria	Cyanobacteria	Cyanobacteria	SubsectionII	FamilyII	Pleurocapsa
otu_716	Bacteria	Bacteroidetes	Flavobacteriia	Flavobacteriales	Flavobacteriaceae	Dokdonia
otu_717	Bacteria	Proteobacteria	Gammaproteobacteria	Thiotrichales	Thiotrichaceae	Leucothrix
otu_718	Bacteria	Firmicutes	Clostridia	Clostridiales	Ruminococcaceae	Subdoligranulum
otu_719	Bacteria	Planctomycetes	Planctomycetacia	Planctomycetales	Planctomycetaceae	Pirellula
otu_720	Bacteria	Proteobacteria	Gammaproteobacteria	Chromatiales	Chromatiaceae	Nitrosococcus
otu_721	Bacteria	Firmicutes	Clostridia	Clostridiales	Clostridiaceae_1	Candidatus_Arthromitus
otu_722	Bacteria	Bacteroidetes	Flavobacteriia	Flavobacteriales	Flavobacteriaceae	Kordia
otu_723	Bacteria	Spirochaetae	Spirochaetes	Spirochaetales	Spirochaetaceae	Spirochaeta_2
otu_724	Bacteria	Planctomycetes	Phycisphaerae	Phycisphaerales	Phycisphaeraceae	CL500-3
otu_725	Bacteria	Proteobacteria	Gammaproteobacteria	Alteromonadales	Idiomarinaceae	Idiomarina
otu_726	Bacteria	Planctomycetes	Phycisphaerae	Phycisphaerales	Phycisphaeraceae	Phycisphaera
otu_727	Bacteria	Firmicutes	Clostridia	Clostridiales	Ruminococcaceae	Ruminiclostridium_9
otu_728	Bacteria	Spirochaetae	Spirochaetes	Spirochaetales	Spirochaetaceae	Spirochaeta_2
otu_729	Bacteria	Bacteroidetes	Flavobacteriia	Flavobacteriales	Cryomorphaceae	Owenweeksia
otu_730	Bacteria	Actinobacteria	Actinobacteria	Actinomycetales	Actinomycetaceae	Actinomyces
otu_731	Bacteria	Proteobacteria	Gammaproteobacteria	Legionellales	Coxiellaceae	Coxiella
otu_732	Bacteria	Bacteroidetes	Flavobacteriia	Flavobacteriales	Cryomorphaceae	Fluviicola
otu_733	Bacteria	Spirochaetae	Spirochaetes	Spirochaetales	Spirochaetaceae	Salinispira
otu_734	Bacteria	Proteobacteria	Gammaproteobacteria	Chromatiales	Chromatiaceae	Nitrosococcus
otu_735	Bacteria	Actinobacteria	Actinobacteria	Bifidobacteriales	Bifidobacteriaceae	Bifidobacterium
otu_736	Bacteria	Bacteroidetes	Flavobacteriia	Flavobacteriales	Flavobacteriaceae	NS5_marine_group
otu_737	Bacteria	Nitrospirae	Nitrospira	Nitrospirales	Nitrospiraceae	Nitrospira
otu_738	Bacteria	Firmicutes	Clostridia	Clostridiales	Lachnospiraceae	Epulopiscium
otu_739	Bacteria	Proteobacteria	Betaproteobacteria	Methylophilales	Methylophilaceae	OM43_clade
otu_740	Bacteria	Bacteroidetes	Flavobacteriia	Flavobacteriales	Flavobacteriaceae	NS4_marine_group
otu_741	Bacteria	Firmicutes	Clostridia	Clostridiales	Clostridiaceae_4	Clostridium_sensu_stricto
otu_742	Bacteria	Proteobacteria	Alphaproteobacteria	Rhodobacterales	Rhodobacteraceae	Roseobacter
otu_743	Bacteria	Proteobacteria	Alphaproteobacteria	Rhodospirillales	Rhodospirillaceae	Defluviicoccus
otu_744	Bacteria	Planctomycetes	Planctomycetacia	Planctomycetales	Planctomycetaceae	Rhodopirellula
otu_745	Bacteria	Bacteroidetes	Flavobacteriia	Flavobacteriales	Flavobacteriaceae	Gramella
otu_746	Bacteria	Proteobacteria	Alphaproteobacteria	Rhodobacterales	Rhodobacteraceae	Pseudopelagicola
otu_747	Bacteria	Cyanobacteria	Cyanobacteria	SubsectionI	FamilyI	Synechococcus
otu_748	Bacteria	Bacteroidetes	Cytophagia	Cytophagales	Flammeovirgaceae	Persicobacter
otu_749	Bacteria	Proteobacteria	Deltaproteobacteria	Desulfobacterales	Desulfobacteraceae	Sva0081_sediment_group
otu_750	Bacteria	Proteobacteria	Alphaproteobacteria	Sphingomonadales	Erythrobacteraceae	Erythrobacter
otu_751	Bacteria	Proteobacteria	Alphaproteobacteria	Rhodospirillales	Acetobacteraceae	Asaia
otu_752	Bacteria	Proteobacteria	Deltaproteobacteria	Myxococcales	Nannocystaceae	Nannocystis
otu_753	Bacteria	Proteobacteria	Deltaproteobacteria	Bdellovibrionales	Bdellovibrionaceae	OM27_clade
otu_754	Bacteria	Acidobacteria	Acidobacteria	Subgroup_4	Unknown_Family	Blastocatella
otu_755	Bacteria	Proteobacteria	Alphaproteobacteria	Caulobacterales	Hyphomonadaceae	Ponticaulis
otu_756	Bacteria	Proteobacteria	Deltaproteobacteria	Bdellovibrionales	Bacteriovoracaceae	Peredibacter
otu_757	Bacteria	Proteobacteria	Deltaproteobacteria	Bdellovibrionales	Bdellovibrionaceae	Bdellovibrio
otu_758	Bacteria	Bacteroidetes	Flavobacteriia	Flavobacteriales	Flavobacteriaceae	NS5_marine_group
otu_759	Bacteria	Proteobacteria	Alphaproteobacteria	Caulobacterales	Hyphomonadaceae	Ponticaulis
otu_760	Bacteria	Bacteroidetes	Bacteroidia	Bacteroidales	Prevotellaceae	Prevotella_7
otu_761	Bacteria	Proteobacteria	Alphaproteobacteria	Rickettsiales	Anaplasmataceae	Wolbachia
otu_762	Bacteria	Bacteroidetes	Flavobacteriia	Flavobacteriales	Flavobacteriaceae	Zeaxanthinibacter
otu_763	Bacteria	Bacteroidetes	Flavobacteriia	Flavobacteriales	Flavobacteriaceae	Wenyingzhuangia
otu_764	Bacteria	Proteobacteria	Alphaproteobacteria	Sphingomonadales	Sphingomonadales_Incertae_Sedis	Kiloniella
otu_765	Bacteria	Bacteroidetes	Bacteroidia	Bacteroidales	Rikenellaceae	Alistipes
otu_766	Bacteria	Proteobacteria	Epsilonproteobacteria	Campylobacterales	Campylobacteraceae	Arcobacter
otu_767	Bacteria	Proteobacteria	Gammaproteobacteria	Alteromonadales	Alteromonadaceae	Alteromonas
otu_768	Bacteria	Firmicutes	Negativicutes	Selenomonadales	Veillonellaceae	Selenomonas_3
otu_769	Bacteria	Proteobacteria	Gammaproteobacteria	Alteromonadales	Ferrimonadaceae	Paraferrimonas
otu_770	Bacteria	Proteobacteria	Deltaproteobacteria	Desulfobacterales	Nitrospinaceae	Candidatus_Entotheonella
otu_771	Bacteria	Proteobacteria	Gammaproteobacteria	Cellvibrionales	Microbulbiferaceae	Microbulbifer
otu_772	Bacteria	Proteobacteria	Alphaproteobacteria	Rhodospirillales	Rhodospirillaceae	AEGEAN-169_marine_group
otu_773	Bacteria	Proteobacteria	Deltaproteobacteria	Bdellovibrionales	Bdellovibrionaceae	Bdellovibrio
otu_774	Bacteria	Proteobacteria	Alphaproteobacteria	Caulobacterales	Caulobacteraceae	Caulobacter
otu_775	Bacteria	Verrucomicrobia	Opitutae	Puniceicoccales	Puniceicoccaceae	Coraliomargarita
otu_776	Bacteria	Actinobacteria	Actinobacteria	Bifidobacteriales	Bifidobacteriaceae	Gardnerella
otu_777	Bacteria	Proteobacteria	Gammaproteobacteria	Vibrionales	Vibrionaceae	Vibrio
otu_778	Bacteria	Lentisphaerae	Lentisphaeria	Lentisphaerales	Lentisphaeraceae	Lentisphaera
otu_779	Bacteria	Proteobacteria	Deltaproteobacteria	Desulfobacterales	Nitrospinaceae	Candidatus_Entotheonella
otu_780	Bacteria	Verrucomicrobia	Verrucomicrobiae	Verrucomicrobiales	Verrucomicrobiaceae	Roseibacillus
otu_781	Bacteria	Proteobacteria	Deltaproteobacteria	Desulfobacterales	Nitrospinaceae	Nitrospina
otu_782	Bacteria	Bacteroidetes	Cytophagia	Order_III	Unknown_Family	Balneola
otu_783	Bacteria	Bacteroidetes	Flavobacteriia	Flavobacteriales	Flavobacteriaceae	NS5_marine_group
otu_784	Bacteria	Proteobacteria	Alphaproteobacteria	Rhodospirillales	Rhodospirillaceae	AEGEAN-169_marine_group
otu_785	Bacteria	Firmicutes	Clostridia	Clostridiales	Ruminococcaceae	Ruminococcaceae_UCG-014
otu_786	Bacteria	Bacteroidetes	Sphingobacteriia	Sphingobacteriales	Saprospiraceae	Portibacter
otu_787	Bacteria	Planctomycetes	Planctomycetacia	Planctomycetales	Planctomycetaceae	Rhodopirellula
otu_788	Bacteria	Proteobacteria	Alphaproteobacteria	Parvularculales	Parvularculaceae	Parvularcula
otu_789	Bacteria	Bacteroidetes	Bacteroidia	Bacteroidales	Prevotellaceae	Alloprevotella
otu_790	Bacteria	Firmicutes	Bacilli	Lactobacillales	Carnobacteriaceae	Atopostipes
otu_791	Bacteria	Cyanobacteria	Cyanobacteria	SubsectionI	FamilyI	Prochloron
otu_792	Bacteria	Planctomycetes	Planctomycetacia	Planctomycetales	Planctomycetaceae	Pir4_lineage
otu_793	Bacteria	Bacteroidetes	Flavobacteriia	Flavobacteriales	Flavobacteriaceae	NS5_marine_group
otu_794	Bacteria	Bacteroidetes	Bacteroidia	Bacteroidales	Bacteroidaceae	Bacteroides
otu_795	Bacteria	Firmicutes	Clostridia	Clostridiales	Ruminococcaceae	Ruminococcus_1
otu_796	Bacteria	Proteobacteria	Deltaproteobacteria	Myxococcales	Haliangiaceae	Haliangium
otu_797	Bacteria	Proteobacteria	Alphaproteobacteria	Rhizobiales	Phyllobacteriaceae	Mesorhizobium
otu_798	Bacteria	Proteobacteria	Deltaproteobacteria	Desulfobacterales	Nitrospinaceae	Nitrospina
otu_799	Bacteria	Nitrospirae	Nitrospira	Nitrospirales	Nitrospiraceae	Nitrospira
otu_800	Bacteria	Proteobacteria	Gammaproteobacteria	Alteromonadales	Shewanellaceae	Shewanella
otu_801	Bacteria	Planctomycetes	Planctomycetacia	Planctomycetales	Planctomycetaceae	Blastopirellula
otu_802	Bacteria	Proteobacteria	Gammaproteobacteria	Order_Incertae_Sedis	Family_Incertae_Sedis	Marinicella
otu_803	Bacteria	Bacteroidetes	Flavobacteriia	Flavobacteriales	Flavobacteriaceae	NS5_marine_group
otu_804	Bacteria	Proteobacteria	Deltaproteobacteria	Bdellovibrionales	Bdellovibrionaceae	OM27_clade
otu_805	Bacteria	Proteobacteria	Alphaproteobacteria	Rhodospirillales	Rhodospirillaceae	Thalassospira
otu_806	Bacteria	Actinobacteria	Actinobacteria	Corynebacteriales	Corynebacteriaceae	Turicella
otu_807	Bacteria	Planctomycetes	Planctomycetacia	Planctomycetales	Planctomycetaceae	Planctomyces
otu_808	Bacteria	Planctomycetes	Planctomycetacia	Planctomycetales	Planctomycetaceae	Rhodopirellula
otu_809	Bacteria	Proteobacteria	Gammaproteobacteria	Order_Incertae_Sedis	Family_Incertae_Sedis	Marinicella
otu_810	Bacteria	Firmicutes	Clostridia	Clostridiales	Ruminococcaceae	Ruminiclostridium_6
otu_811	Bacteria	Fusobacteria	Fusobacteriia	Fusobacteriales	Fusobacteriaceae	Psychrilyobacter
otu_812	Bacteria	Planctomycetes	Planctomycetacia	Planctomycetales	Planctomycetaceae	Planctomyces
otu_813	Bacteria	Proteobacteria	Gammaproteobacteria	Alteromonadales	Pseudoalteromonadaceae	Psychrosphaera
otu_814	Bacteria	Proteobacteria	Betaproteobacteria	Burkholderiales	Oxalobacteraceae	Janthinobacterium
otu_815	Bacteria	Bacteroidetes	Bacteroidia	Bacteroidales	Rikenellaceae	Alistipes
otu_816	Bacteria	Planctomycetes	Planctomycetacia	Planctomycetales	Planctomycetaceae	Planctomyces
otu_817	Bacteria	Proteobacteria	Gammaproteobacteria	Legionellales	Coxiellaceae	Coxiella
otu_818	Bacteria	Proteobacteria	Deltaproteobacteria	Myxococcales	Nannocystaceae	Pseudenhygromyxa
otu_819	Bacteria	Proteobacteria	Epsilonproteobacteria	Campylobacterales	Campylobacteraceae	Arcobacter
otu_820	Bacteria	Actinobacteria	Actinobacteria	Actinomycetales	Actinomycetaceae	Actinotignum
otu_821	Bacteria	Cyanobacteria	Cyanobacteria	SubsectionII	FamilyII	Pleurocapsa
otu_822	Bacteria	Planctomycetes	Planctomycetacia	Planctomycetales	Planctomycetaceae	Rhodopirellula
otu_823	Bacteria	Proteobacteria	Deltaproteobacteria	Bdellovibrionales	Bdellovibrionaceae	Bdellovibrio
otu_824	Bacteria	Proteobacteria	Deltaproteobacteria	Desulfobacterales	Nitrospinaceae	Nitrospina
otu_825	Bacteria	Chlamydiae	Chlamydiae	Chlamydiales	Simkaniaceae	Simkania
otu_826	Bacteria	Proteobacteria	Deltaproteobacteria	Desulfarculales	Desulfarculaceae	Desulfatiglans
otu_827	Bacteria	Bacteroidetes	Cytophagia	Cytophagales	Flammeovirgaceae	Ekhidna
otu_828	Bacteria	Proteobacteria	Alphaproteobacteria	Rhizobiales	Rhizobiales_Incertae_Sedis	Rhizomicrobium
otu_829	Bacteria	Firmicutes	Clostridia	Clostridiales	Lachnospiraceae	[Eubacterium]_hallii_group
otu_830	Bacteria	Planctomycetes	Phycisphaerae	Phycisphaerales	Phycisphaeraceae	CL500-3
otu_831	Bacteria	Planctomycetes	Planctomycetacia	Planctomycetales	Planctomycetaceae	Pir4_lineage
otu_832	Bacteria	Proteobacteria	Gammaproteobacteria	Chromatiales	Granulosicoccaceae	Granulosicoccus
otu_833	Bacteria	Bacteroidetes	Flavobacteriia	Flavobacteriales	Flavobacteriaceae	Dokdonia
otu_834	Bacteria	Proteobacteria	Alphaproteobacteria	Rhodospirillales	Rhodospirillales_Incertae_Sedis	Candidatus_Alysiosphaera
otu_835	Bacteria	Planctomycetes	Planctomycetacia	Planctomycetales	Planctomycetaceae	Blastopirellula
otu_836	Bacteria	Planctomycetes	Planctomycetacia	Planctomycetales	Planctomycetaceae	Planctomyces
otu_837	Bacteria	Proteobacteria	Proteobacteria_Incertae_Sedis	Unknown_Order	Unknown_Family	Candidatus_Thiobios
otu_838	Bacteria	Bacteroidetes	Cytophagia	Cytophagales	Flammeovirgaceae	Fulvivirga
otu_839	Bacteria	Proteobacteria	Gammaproteobacteria	Vibrionales	Vibrionaceae	Photobacterium
otu_840	Bacteria	Proteobacteria	Deltaproteobacteria	Bdellovibrionales	Bdellovibrionaceae	Bdellovibrio
otu_841	Bacteria	Proteobacteria	Gammaproteobacteria	Chromatiales	Chromatiaceae	Nitrosococcus
otu_842	Bacteria	Firmicutes	Clostridia	Clostridiales	Peptostreptococcaceae	Peptoclostridium
otu_843	Bacteria	Bacteroidetes	Flavobacteriia	Flavobacteriales	Cryomorphaceae	Salinirepens
otu_844	Bacteria	Cyanobacteria	Cyanobacteria	SubsectionIII	FamilyI	Oscillatoria
otu_845	Bacteria	Actinobacteria	Coriobacteriia	Coriobacteriales	Coriobacteriaceae	Collinsella
otu_846	Bacteria	Planctomycetes	Planctomycetacia	Planctomycetales	Planctomycetaceae	Pirellula
otu_847	Bacteria	Bacteroidetes	Cytophagia	Cytophagales	Flammeovirgaceae	Ekhidna
otu_848	Bacteria	Fusobacteria	Fusobacteriia	Fusobacteriales	Fusobacteriaceae	Cetobacterium
otu_849	Bacteria	Actinobacteria	Actinobacteria	Corynebacteriales	Corynebacteriaceae	Corynebacterium_1
otu_850	Bacteria	Bacteroidetes	Cytophagia	Cytophagales	Cytophagaceae	Chryseolinea
otu_851	Bacteria	Proteobacteria	Gammaproteobacteria	Chromatiales	Chromatiaceae	Nitrosococcus
otu_852	Bacteria	Bacteroidetes	Flavobacteriia	Flavobacteriales	Flavobacteriaceae	NS5_marine_group
otu_853	Bacteria	Proteobacteria	Deltaproteobacteria	Desulfobacterales	Desulfobacteraceae	Sva0081_sediment_group
otu_854	Bacteria	Firmicutes	Clostridia	Clostridiales	Family_XI	Ezakiella
otu_855	Bacteria	Bacteroidetes	Flavobacteriia	Flavobacteriales	Flavobacteriaceae	Marixanthomonas
otu_856	Bacteria	Planctomycetes	Phycisphaerae	Phycisphaerales	Phycisphaeraceae	CL500-3
otu_857	Bacteria	Proteobacteria	Gammaproteobacteria	Chromatiales	Chromatiaceae	Nitrosococcus
otu_858	Bacteria	Proteobacteria	Alphaproteobacteria	Rhodobacterales	Rhodobacteraceae	Pseudophaeobacter
otu_859	Bacteria	Proteobacteria	Betaproteobacteria	Burkholderiales	Burkholderiaceae	Polynucleobacter
otu_860	Bacteria	Proteobacteria	Gammaproteobacteria	Cellvibrionales	Halieaceae	Luminiphilus
otu_861	Bacteria	Bacteroidetes	Bacteroidia	Bacteroidales	Porphyromonadaceae	Parabacteroides
otu_862	Bacteria	Proteobacteria	Alphaproteobacteria	Rhizobiales	Hyphomicrobiaceae	Filomicrobium
otu_863	Bacteria	Nitrospirae	Nitrospira	Nitrospirales	Nitrospiraceae	Nitrospira
otu_864	Bacteria	Planctomycetes	Phycisphaerae	Phycisphaerales	Phycisphaeraceae	SM1A02
otu_865	Bacteria	Actinobacteria	Actinobacteria	Micrococcales	Dermacoccaceae	Dermacoccus
otu_866	Bacteria	Bacteroidetes	Cytophagia	Order_II	Rhodothermaceae	Rubrivirga
otu_867	Bacteria	Proteobacteria	Betaproteobacteria	Burkholderiales	Burkholderiaceae	Cupriavidus
otu_868	Bacteria	Proteobacteria	Gammaproteobacteria	Chromatiales	Chromatiaceae	Rheinheimera
otu_869	Bacteria	Proteobacteria	Gammaproteobacteria	Chromatiales	Granulosicoccaceae	Granulosicoccus
otu_870	Bacteria	Bacteroidetes	Cytophagia	Cytophagales	Flammeovirgaceae	Reichenbachiella
otu_871	Bacteria	Firmicutes	Clostridia	Clostridiales	Peptostreptococcaceae	Peptoclostridium
otu_872	Bacteria	Proteobacteria	Deltaproteobacteria	Bdellovibrionales	Bdellovibrionaceae	Bdellovibrio
otu_873	Bacteria	Proteobacteria	Deltaproteobacteria	Bdellovibrionales	Bacteriovoracaceae	Peredibacter
otu_874	Bacteria	Proteobacteria	Gammaproteobacteria	Alteromonadales	Alteromonadaceae	Alishewanella
otu_875	Bacteria	Planctomycetes	Planctomycetacia	Planctomycetales	Planctomycetaceae	Pir4_lineage
otu_876	Bacteria	Proteobacteria	Gammaproteobacteria	Cellvibrionales	Porticoccaceae	Porticoccus
otu_877	Bacteria	Proteobacteria	Gammaproteobacteria	Vibrionales	Vibrionaceae	Vibrio
otu_878	Bacteria	Proteobacteria	Gammaproteobacteria	Oceanospirillales	Hahellaceae	Endozoicomonas
otu_879	Bacteria	Proteobacteria	Alphaproteobacteria	Rhizobiales	Hyphomicrobiaceae	Devosia
otu_880	Bacteria	Proteobacteria	Deltaproteobacteria	Desulfobacterales	Desulfobacteraceae	Desulforegula
otu_881	Bacteria	Bacteroidetes	Flavobacteriia	Flavobacteriales	Cryomorphaceae	Crocinitomix
otu_882	Bacteria	Planctomycetes	Planctomycetacia	Planctomycetales	Planctomycetaceae	Rhodopirellula
otu_883	Bacteria	Planctomycetes	Planctomycetacia	Planctomycetales	Planctomycetaceae	Blastopirellula
otu_884	Bacteria	Proteobacteria	Alphaproteobacteria	Caulobacterales	Hyphomonadaceae	Woodsholea
otu_885	Bacteria	Planctomycetes	Planctomycetacia	Planctomycetales	Planctomycetaceae	Blastopirellula
otu_886	Bacteria	Spirochaetae	Spirochaetes	Spirochaetales	Spirochaetaceae	Spirochaeta_2
otu_887	Bacteria	Proteobacteria	Deltaproteobacteria	Desulfobacterales	Nitrospinaceae	Nitrospina
otu_888	Bacteria	Spirochaetae	Spirochaetes	Spirochaetales	Spirochaetaceae	Salinispira
otu_889	Bacteria	Bacteroidetes	Flavobacteriia	Flavobacteriales	Flavobacteriaceae	Winogradskyella
otu_890	Bacteria	Planctomycetes	Planctomycetacia	Planctomycetales	Planctomycetaceae	Rhodopirellula
otu_891	Bacteria	Proteobacteria	Gammaproteobacteria	Chromatiales	Chromatiaceae	Nitrosococcus
otu_892	Bacteria	Nitrospirae	Nitrospira	Nitrospirales	Nitrospiraceae	Nitrospira
otu_893	Bacteria	Bacteroidetes	Flavobacteriia	Flavobacteriales	Cryomorphaceae	Owenweeksia
otu_894	Bacteria	Nitrospirae	Nitrospira	Nitrospirales	Nitrospiraceae	Nitrospira
otu_895	Bacteria	Proteobacteria	Gammaproteobacteria	Order_Incertae_Sedis	Family_Incertae_Sedis	Marinicella
otu_896	Bacteria	Bacteroidetes	Cytophagia	Cytophagales	Flammeovirgaceae	Reichenbachiella
otu_897	Bacteria	Proteobacteria	Alphaproteobacteria	Sphingomonadales	Sphingomonadaceae	Sphingopyxis
otu_898	Bacteria	Planctomycetes	Planctomycetacia	Planctomycetales	Planctomycetaceae	Blastopirellula
otu_899	Bacteria	Nitrospirae	Nitrospira	Nitrospirales	Nitrospiraceae	Nitrospira
otu_900	Bacteria	Nitrospirae	Nitrospira	Nitrospirales	Nitrospiraceae	Nitrospira
otu_901	Bacteria	Proteobacteria	Deltaproteobacteria	Desulfobacterales	Nitrospinaceae	Candidatus_Entotheonella
otu_902	Bacteria	Proteobacteria	Deltaproteobacteria	Bdellovibrionales	Bdellovibrionaceae	Bdellovibrio
otu_903	Bacteria	Proteobacteria	Gammaproteobacteria	Chromatiales	Chromatiaceae	Nitrosococcus
otu_904	Bacteria	Planctomycetes	Planctomycetacia	Planctomycetales	Planctomycetaceae	Rhodopirellula
otu_905	Bacteria	Proteobacteria	Gammaproteobacteria	Oceanospirillales	Oceanospirillaceae	Oceaniserpentilla
otu_906	Bacteria	Bacteroidetes	Flavobacteriia	Flavobacteriales	Flavobacteriaceae	Empedobacter
otu_907	Bacteria	Deferribacteres	Deferribacteres	Deferribacterales	Deferribacteraceae	Mucispirillum
otu_908	Bacteria	Actinobacteria	Actinobacteria	Micrococcales	Intrasporangiaceae	Janibacter
otu_909	Bacteria	Proteobacteria	Deltaproteobacteria	Desulfarculales	Desulfarculaceae	Desulfatiglans
otu_910	Bacteria	Proteobacteria	Gammaproteobacteria	Vibrionales	Vibrionaceae	Vibrio
otu_911	Bacteria	Firmicutes	Clostridia	Clostridiales	Clostridiaceae_1	Clostridium_sensu_stricto_1
otu_912	Bacteria	Proteobacteria	Gammaproteobacteria	Cellvibrionales	Cellvibrionaceae	Simiduia
otu_913	Bacteria	Planctomycetes	Planctomycetacia	Planctomycetales	Planctomycetaceae	Blastopirellula
otu_914	Bacteria	Proteobacteria	Deltaproteobacteria	Bdellovibrionales	Bdellovibrionaceae	OM27_clade
otu_915	Bacteria	Proteobacteria	Gammaproteobacteria	Thiotrichales	Piscirickettsiaceae	Marine_Methylotrophic_Group_3
otu_916	Bacteria	Proteobacteria	Alphaproteobacteria	Rhodobacterales	Rhodobacteraceae	Loktanella
otu_917	Bacteria	Actinobacteria	Actinobacteria	Corynebacteriales	Dietziaceae	Dietzia
otu_918	Bacteria	Proteobacteria	Gammaproteobacteria	Legionellales	Coxiellaceae	Aquicella
otu_919	Bacteria	Bacteroidetes	Flavobacteriia	Flavobacteriales	Flavobacteriaceae	NS5_marine_group
otu_920	Bacteria	Planctomycetes	Phycisphaerae	Phycisphaerales	Phycisphaeraceae	Urania-1B-19_marine_sediment_group
otu_921	Bacteria	Proteobacteria	Alphaproteobacteria	Parvularculales	Parvularculaceae	Parvularcula
otu_922	Bacteria	Bacteroidetes	Flavobacteriia	Flavobacteriales	Cryomorphaceae	Fluviicola
otu_923	Bacteria	Bacteroidetes	Flavobacteriia	Flavobacteriales	Cryomorphaceae	Owenweeksia
otu_924	Bacteria	Proteobacteria	Gammaproteobacteria	Oceanospirillales	Hahellaceae	Endozoicomonas
otu_925	Bacteria	Bacteroidetes	Sphingobacteriia	Sphingobacteriales	Sphingobacteriaceae	Sphingobacterium
otu_926	Bacteria	Verrucomicrobia	Verrucomicrobiae	Verrucomicrobiales	Verrucomicrobiaceae	Akkermansia
otu_927	Bacteria	Proteobacteria	Gammaproteobacteria	Vibrionales	Vibrionaceae	Enterovibrio
otu_928	Bacteria	Bacteroidetes	Bacteroidia	Bacteroidales	Prevotellaceae	Prevotella
otu_929	Bacteria	Bacteroidetes	Flavobacteriia	Flavobacteriales	Flavobacteriaceae	NS2b_marine_group
otu_930	Bacteria	Proteobacteria	Gammaproteobacteria	Oceanospirillales	Halomonadaceae	Salinicola
otu_931	Bacteria	Proteobacteria	Alphaproteobacteria	Sphingomonadales	Sphingomonadaceae	Sphingomonas
otu_932	Bacteria	Proteobacteria	Gammaproteobacteria	Xanthomonadales	Solimonadaceae	Polycyclovorans
otu_933	Bacteria	Proteobacteria	Betaproteobacteria	Nitrosomonadales	Nitrosomonadaceae	Nitrosomonas
otu_934	Bacteria	Firmicutes	Clostridia	Clostridiales	Lachnospiraceae	Lachnospiraceae_ND3007_group
otu_935	Bacteria	Bacteroidetes	Sphingobacteriia	Sphingobacteriales	Saprospiraceae	Rubidimonas
otu_936	Bacteria	Planctomycetes	Phycisphaerae	Phycisphaerales	Phycisphaeraceae	SM1A02
otu_937	Bacteria	Firmicutes	Clostridia	Clostridiales	Lachnospiraceae	Blautia
otu_938	Bacteria	Planctomycetes	Phycisphaerae	Phycisphaerales	Phycisphaeraceae	SM1A02
otu_939	Bacteria	Proteobacteria	Alphaproteobacteria	Sphingomonadales	Sphingomonadaceae	Novosphingobium
otu_940	Bacteria	Proteobacteria	Gammaproteobacteria	Legionellales	Coxiellaceae	Coxiella
otu_941	Bacteria	Bacteroidetes	Flavobacteriia	Flavobacteriales	Flavobacteriaceae	Hyunsoonleella
otu_942	Bacteria	Proteobacteria	Gammaproteobacteria	Vibrionales	Vibrionaceae	Vibrio
otu_943	Bacteria	Proteobacteria	Alphaproteobacteria	Kordiimonadales	Kordiimonadaceae	Kordiimonas
otu_944	Bacteria	Proteobacteria	Gammaproteobacteria	Thiotrichales	Thiotrichales_Incertae_Sedis	Caedibacter
otu_945	Bacteria	Proteobacteria	Alphaproteobacteria	SAR11_clade	Surface_1	Candidatus_Pelagibacter
otu_946	Bacteria	Proteobacteria	Deltaproteobacteria	Desulfobacterales	Desulfobacteraceae	Desulfosarcina
otu_947	Bacteria	Proteobacteria	Epsilonproteobacteria	Campylobacterales	Helicobacteraceae	Sulfurovum
otu_948	Bacteria	Nitrospirae	Nitrospira	Nitrospirales	Nitrospiraceae	Nitrospira
otu_949	Bacteria	Cyanobacteria	Cyanobacteria	SubsectionI	FamilyI	Prochlorococcus
otu_950	Bacteria	Cyanobacteria	Cyanobacteria	SubsectionI	FamilyI	Synechococcus
otu_951	Bacteria	Actinobacteria	Actinobacteria	Micrococcales	Microbacteriaceae	Cryobacterium
otu_952	Bacteria	Nitrospirae	Nitrospira	Nitrospirales	Nitrospiraceae	Nitrospira
otu_953	Bacteria	Proteobacteria	Gammaproteobacteria	Order_Incertae_Sedis	Family_Incertae_Sedis	Marinicella
otu_954	Bacteria	Proteobacteria	Gammaproteobacteria	Vibrionales	Vibrionaceae	Enterovibrio
otu_955	Bacteria	Planctomycetes	Planctomycetacia	Planctomycetales	Planctomycetaceae	Bythopirellula
otu_956	Bacteria	Cyanobacteria	Cyanobacteria	SubsectionI	FamilyI	Synechococcus
otu_957	Bacteria	Proteobacteria	Deltaproteobacteria	Bdellovibrionales	Bdellovibrionaceae	Bdellovibrio
otu_958	Bacteria	Proteobacteria	Gammaproteobacteria	Order_Incertae_Sedis	Family_Incertae_Sedis	Marinicella
otu_959	Bacteria	Planctomycetes	Planctomycetacia	Planctomycetales	Planctomycetaceae	Pir4_lineage
otu_960	Bacteria	Nitrospirae	Nitrospira	Nitrospirales	Nitrospiraceae	Nitrospira
otu_961	Bacteria	Proteobacteria	Deltaproteobacteria	Desulfobacterales	Nitrospinaceae	Candidatus_Entotheonella
otu_962	Bacteria	Nitrospirae	Nitrospira	Nitrospirales	Nitrospiraceae	Nitrospira
otu_963	Bacteria	Bacteroidetes	Flavobacteriia	Flavobacteriales	Flavobacteriaceae	Polaribacter
otu_964	Bacteria	Proteobacteria	Deltaproteobacteria	Bdellovibrionales	Bacteriovoracaceae	Halobacteriovorax
otu_965	Bacteria	Bacteroidetes	Flavobacteriia	Flavobacteriales	Flavobacteriaceae	NS5_marine_group
otu_966	Bacteria	Bacteroidetes	Flavobacteriia	Flavobacteriales	Flavobacteriaceae	Tenacibaculum
otu_967	Bacteria	Proteobacteria	Gammaproteobacteria	Oceanospirillales	Alcanivoracaceae	Alcanivorax
otu_968	Bacteria	Proteobacteria	Alphaproteobacteria	SAR11_clade	Surface_1	Candidatus_Pelagibacter
otu_969	Bacteria	Planctomycetes	Phycisphaerae	Phycisphaerales	Phycisphaeraceae	Phycisphaera
otu_970	Bacteria	Firmicutes	Negativicutes	Selenomonadales	Veillonellaceae	Veillonella
otu_971	Bacteria	Cyanobacteria	Cyanobacteria	SubsectionIII	FamilyI	Symploca
otu_972	Bacteria	Planctomycetes	Planctomycetacia	Planctomycetales	Planctomycetaceae	Rubripirellula
otu_973	Bacteria	Proteobacteria	Gammaproteobacteria	Aeromonadales	Aeromonadaceae	Oceanisphaera
otu_974	Bacteria	Proteobacteria	Gammaproteobacteria	Pasteurellales	Pasteurellaceae	Actinobacillus
otu_975	Bacteria	Cyanobacteria	Cyanobacteria	SubsectionIII	FamilyI	Limnothrix
otu_976	Bacteria	Proteobacteria	Gammaproteobacteria	Alteromonadales	Alteromonadaceae	Marinobacter
otu_977	Bacteria	Planctomycetes	Phycisphaerae	Phycisphaerales	Phycisphaeraceae	Phycisphaera
otu_978	Bacteria	Cyanobacteria	Cyanobacteria	SubsectionIII	FamilyI	Phormidium
otu_979	Bacteria	Planctomycetes	Planctomycetacia	Planctomycetales	Planctomycetaceae	Blastopirellula
otu_980	Bacteria	Firmicutes	Clostridia	Clostridiales	Lachnospiraceae	Incertae_Sedis
otu_981	Bacteria	Spirochaetae	Spirochaetes	Spirochaetales	Spirochaetaceae	Salinispira
otu_982	Bacteria	Proteobacteria	Deltaproteobacteria	Bdellovibrionales	Bacteriovoracaceae	Peredibacter
otu_983	Bacteria	Proteobacteria	Alphaproteobacteria	Rickettsiales	Rickettsiales_Incertae_Sedis	Candidatus_Lariskella
otu_984	Bacteria	Planctomycetes	Planctomycetacia	Planctomycetales	Planctomycetaceae	Bythopirellula
otu_985	Bacteria	Bacteroidetes	Bacteroidia	Bacteroidales	Prevotellaceae	Prevotella_9
otu_986	Bacteria	Bacteroidetes	Sphingobacteriia	Sphingobacteriales	Saprospiraceae	Lewinella
otu_987	Bacteria	Proteobacteria	Betaproteobacteria	Burkholderiales	Oxalobacteraceae	Herminiimonas
otu_988	Bacteria	Proteobacteria	Proteobacteria_Incertae_Sedis	Unknown_Order	Unknown_Family	Candidatus_Allobeggiatoa
otu_989	Bacteria	Acidobacteria	Holophagae	Acanthopleuribacterales	Acanthopleuribacteraceae	Acanthopleuribacter
otu_990	Bacteria	Proteobacteria	Betaproteobacteria	Burkholderiales	Burkholderiaceae	Burkholderia
otu_991	Bacteria	Bacteroidetes	Flavobacteriia	Flavobacteriales	Flavobacteriaceae	NS2b_marine_group
otu_992	Bacteria	Cyanobacteria	Cyanobacteria	SubsectionIII	FamilyI	Oscillatoria
otu_993	Bacteria	Bacteroidetes	Bacteroidia	Bacteroidales	Porphyromonadaceae	Porphyromonas
otu_994	Bacteria	Cyanobacteria	Cyanobacteria	SubsectionI	FamilyI	Synechococcus
otu_995	Bacteria	Bacteroidetes	Flavobacteriia	Flavobacteriales	Flavobacteriaceae	NS4_marine_group
otu_996	Bacteria	Bacteroidetes	Flavobacteriia	Flavobacteriales	Flavobacteriaceae	Winogradskyella
otu_997	Bacteria	Bacteroidetes	Flavobacteriia	Flavobacteriales	Flavobacteriaceae	Aureicoccus
otu_998	Bacteria	Proteobacteria	Alphaproteobacteria	Sphingomonadales	Sphingomonadaceae	Sphingorhabdus
otu_999	Bacteria	Planctomycetes	Planctomycetacia	Planctomycetales	Planctomycetaceae	Rubripirellula
otu_1000	Bacteria	Planctomycetes	Planctomycetacia	Planctomycetales	Planctomycetaceae	Rhodopirellula
